title,description,start_datetime,end_datetime,venue_name,venue_suburb,category,vibe,price_range,image_url,source_url,is_featured,is_curated_pick
Back To The 2000's - Melbourne Launch,2 levels. 2 sounds. 1 night of Iconic Anthems from the 2000's,2026-05-30 19:30:00,2026-05-31 01:00:00,233 Lonsdale St,Melbourne,Music,high-energy,27.78 AUD - 78.61 AUD,https://cdn.evbuc.com/images/1185355400/2987894574914/1/original.20260525-103259,https://www.eventbrite.com/e/back-to-the-2000s-melbourne-launch-tickets-1985687272084,false,false
"Blah Records presents Black Josh, Lee Scott & Sly Moon",Celebrating 20 Years of Blah Records,2026-06-07 19:00:00,2026-06-07 23:00:00,Stay Gold,Brunswick,Music,high-energy,40.78 AUD - 63.80 AUD,https://cdn.evbuc.com/images/1181060424/2075830685153/1/original.20260331-025425,https://www.eventbrite.com.au/e/blah-records-presents-black-josh-lee-scott-sly-moon-tickets-1986283890586,true,false
END OF EXAMS BLOCK PARTY - Melb + Monash + Deakin + RMIT + ACU + LaTrobe,MELBOURNES BIGGEST UNI END OF EXAMS PARTY! Melbourne + Monash + La Trobe + Deakin VS RMIT + Swinburne + Vic Uni +vACU all under 1 roof,2026-06-25 21:00:00,2026-06-26 03:00:00,Brown Alley,Melbourne,Music,high-energy,13.00 AUD - 22.50 AUD,https://cdn.evbuc.com/images/1183325154/161460462672/1/original.20260429-124251,https://www.eventbrite.com.au/e/end-of-exams-block-party-melb-monash-deakin-rmit-acu-latrobe-tickets-1988380933899,true,false
APRA AMCOS Connect Sessions - Melbourne,Come and connect with your local music industry and fellow musicians!,2026-05-26 17:30:00,2026-05-26 20:00:00,Collingwood Yards,Collingwood,Music,free-cheap,Free,https://cdn.evbuc.com/images/1182848970/261568641723/1/original.20260423-061537,https://www.eventbrite.com.au/e/apra-amcos-connect-sessions-melbourne-tickets-1986045194640,false,false
2026 MADC CREATIVE SHOWCASE,"Melbourne Advertising, Design & Creativity (MADC) Showcase is back at Melbourne’s historic Forum Theatre on May 29, 2026.",2026-05-29 18:00:00,2026-05-29 23:55:00,Forum Melbourne,Melbourne,"Film, Media & Entertainment",,223.67 AUD,https://cdn.evbuc.com/images/1184916290/67806213083/1/original.20260519-065043,https://www.eventbrite.com.au/e/2026-madc-creative-showcase-tickets-1984243163717,true,false
Book Swap - Club Sup x MUJI,"Join Club Sup and MUJI for a cosy wintery evening, swapping books & making new friends.",2026-05-27 18:30:00,2026-05-27 20:30:00,JDV MARKET,Prahran,Food & Drink,free-cheap,Free,https://cdn.evbuc.com/images/1183979127/2160031684983/1/original.20260507-012809,https://www.eventbrite.com.au/e/book-swap-club-sup-x-muji-tickets-1988800887993,false,false
Healthcare Wars: When Politics Turns Markets Into Weapons,Talks on Tuesdays: Real lectures in your favourite venues. 45-min Q&A with Dr Rohan Venkatraman,2026-06-02 18:30:00,2026-06-02 20:30:00,Brick Lane Market | Brick Lane Brewing Co,Melbourne,Food & Drink,groups,27.78 AUD,https://cdn.evbuc.com/images/1182632414/2830500193961/1/original.20260421-020349,https://www.eventbrite.com/e/healthcare-wars-when-politics-turns-markets-into-weapons-tickets-1985500508469,false,false
Unpolished Gem 20th anniversary — Alice Pung in conversation,"Celebrate Refugee Week and the 20th anniversary of Alice Pung's memoir, in-conversation with Bruno Lettieri.",2026-06-10 18:30:00,2026-06-10 20:00:00,"Bargoonga Nganjin, North Fitzroy Library",North Fitzroy,Performing & Visual Arts,free-cheap,Free,https://cdn.evbuc.com/images/1182375300/122619786905/1/original.20260417-012646,https://www.eventbrite.com.au/e/unpolished-gem-20th-anniversary-alice-pung-in-conversation-tickets-1985558319383,false,false
Supper Club - Melbourne,Join Club Sup at Elio's Place in the CBD for at supper to make new friends and connections.,2026-05-26 18:30:00,2026-05-26 21:30:00,Elio’s Place,Melbourne,Food & Drink,groups,120.89 AUD,https://cdn.evbuc.com/images/795571919/2160031684983/1/original.20240624-233253,https://www.eventbrite.com.au/e/supper-club-melbourne-tickets-1986287457254,false,false
Book Swap - Club Sup x The Shameless Book Club,Join Club Sup and The Shameless Book Club for an evening Book Swap with QV Face.,2026-05-28 18:30:00,2026-05-28 21:30:00,Future Future,Richmond,Food & Drink,groups,123.17 AUD,https://cdn.evbuc.com/images/1183490869/2160031684983/1/original.20260501-022116,https://www.eventbrite.com.au/e/book-swap-club-sup-x-the-shameless-book-club-tickets-1988601538734,false,false
HASTA ABAJO: PERREOLOGIA 2,Culto al reggaeton,2026-05-30 21:30:00,2026-05-31 04:00:00,Inflation Entertainment Complex,Melbourne,Music,high-energy,17.19 AUD - 38.37 AUD,https://cdn.evbuc.com/images/1182933419/301122468848/1/original.20260424-024728,https://www.eventbrite.com.au/e/hasta-abajo-perreologia-2-tickets-1988140623123,false,false
Shaun Micallef in conversation with Michael Williams,Join us in store as Shaun Micallef discusses his new novel 'De'Ath Takes A Holiday' with Michael Williams.,2026-06-04 18:00:00,2026-06-04 19:15:00,Hill of Content Bookshop,Melbourne,Performing & Visual Arts,free-cheap,Free,https://cdn.evbuc.com/images/1183993104/100529918707/1/original.20260507-071204,https://www.eventbrite.com.au/e/shaun-micallef-in-conversation-with-michael-williams-tickets-1988976907472,false,false
Nostalgia Room Day Party II  - Emerson Rooftop Bar,Day Party for the Soul,2026-05-30 15:00:00,2026-05-30 22:00:00,The Emerson Rooftop Bar and Club,South Yarra,Music,high-energy,33.08 AUD - 43.66 AUD,https://cdn.evbuc.com/images/1182928230/791079733683/1/original.20260424-005544,https://www.eventbrite.com.au/e/nostalgia-room-day-party-ii-emerson-rooftop-bar-tickets-1988139328250,true,false
Full Moon Sound Healing Journey | Elwood | Christian Dimarco 31 May 2026,Experience the power of sound and breath with a Sound Healing Journey led by Christian Dimarco,2026-05-31 16:00:00,2026-05-31 18:00:00,Melbourne Latvian School,Elwood,Music,high-energy,70.84 AUD - 82.43 AUD,https://cdn.evbuc.com/images/1174369137/127325961125/1/original.20260109-001816,https://www.eventbrite.com.au/e/full-moon-sound-healing-journey-elwood-christian-dimarco-31-may-2026-tickets-1989300132246,false,false
"Melbourne Tasting Session: 2026 Australian Barista Champion, Gabrel Tan",A curated tasting of the 3 winning coffee courses.,2026-06-11 09:30:00,2026-06-11 13:00:00,Veneziano Coffee,Richmond,Food & Drink,groups,50.00 AUD,https://cdn.evbuc.com/images/1184350089/573458564813/1/original.20260511-234311,https://www.eventbrite.com.au/e/melbourne-tasting-session-2026-australian-barista-champion-gabrel-tan-tickets-1976058402877,false,false
Murder on the Dance Floor | An Interactive Dinner Experience,A three-course dinner game show where the show doesn't happen in front of you. It happens around you. Only at Stamford Plaza Melbourne.,2026-05-29 18:30:00,2026-05-29 21:30:00,Stamford Plaza Melbourne,Melbourne,Performing & Visual Arts,low-key,120.11 AUD,https://cdn.evbuc.com/images/1179754396/2735514465811/1/original.20260313-043450,https://www.eventbrite.com.au/e/murder-on-the-dance-floor-an-interactive-dinner-experience-tickets-1984934324999,false,false
Andy White at Merri Creek Tavern Northcote,Belfast songwriter poet beat producer & lately Melbourne legend Andy White returns to his favourite venue in town. And it's his birthday!,2026-05-28 20:00:00,2026-05-28 22:30:00,The Merri Creek Tavern,Northcote,Music,high-energy,27.78 AUD,https://cdn.evbuc.com/images/1060001553/256348366814/1/original.20250625-015843,https://www.eventbrite.com.au/e/andy-white-at-merri-creek-tavern-northcote-tickets-1978694219676,false,false
Yoyo Zing X Dj Nosh Australian Tour (Melbourne),Ingine Mwejeje...It's about to go down!!!,2026-05-30 22:00:00,2026-05-31 04:00:00,Bourke St Courtyard,Melbourne,Music,high-energy,4.00 AUD - 62.72 AUD,https://cdn.evbuc.com/images/1183112115/900315780653/1/original.20260427-105557,https://www.eventbrite.com.au/e/yoyo-zing-x-dj-nosh-australian-tour-melbourne-tickets-1988314180237,false,false
BEATS BINGO - Taylor Swift [MELB CENTRAL] at TGI Fridays,Balls to the wall!,2026-05-28 18:30:00,2026-05-28 20:30:00,TGI Fridays Melbourne Central,Melbourne,"Film, Media & Entertainment",free-cheap,Free,https://cdn.evbuc.com/images/1184457744/2584293477211/1/original.20260513-003928,https://www.eventbrite.com.au/e/beats-bingo-taylor-swift-melb-central-at-tgi-fridays-tickets-1982740032812,false,false
Lesbian Collaging May at Unassigned Gallery,Social collaging session for the sapphics and dykes.,2026-05-30 13:30:00,2026-05-30 15:30:00,Unassigned Gallery,Brunswick,Performing & Visual Arts,low-key,24.61 AUD,https://cdn.evbuc.com/images/1183578161/229136915749/1/original.20260502-073929,https://www.eventbrite.com.au/e/lesbian-collaging-may-at-unassigned-gallery-tickets-1988667473948,false,false
Creative Studio Nights: Finishing a song — Songwriting with Charles Jenkins,Join us for the third session of our three-part series on songwriting with Charles Jenkins.,2026-06-01 18:00:00,2026-06-01 20:00:00,Richmond Library,Richmond,Music,free-cheap,Free,https://cdn.evbuc.com/images/1180112744/2993485041149/1/original.20260318-045141,https://www.eventbrite.com.au/e/creative-studio-nights-finishing-a-song-songwriting-with-charles-jenkins-tickets-1985420718816,false,false
SKETCH & SIP - Sabi Sounds Hawthorn,"Drawing, Drinks & A Slower Kind of Evening",2026-06-03 19:00:00,2026-06-03 21:00:00,Sabi Sounds Hawthorn,Hawthorn,Performing & Visual Arts,low-key,38.37 AUD,https://cdn.evbuc.com/images/1185356049/2985978485524/1/original.20260525-105235,https://www.eventbrite.com.au/e/sketch-sip-sabi-sounds-hawthorn-tickets-1989296659860,false,false
"Money, Money, Money: Financial Inequality in Modern Society",Talks on Tuesdays: Real lectures in your favourite venues. 45-min Q&A with #1 bestselling author Angela Meyer,2026-06-23 18:30:00,2026-06-23 20:30:00,Rochester Castle Hotel,Fitzroy,Food & Drink,groups,27.78 AUD,https://cdn.evbuc.com/images/1182632414/2830500193961/1/original.20260421-020349,https://www.eventbrite.com/e/money-money-money-financial-inequality-in-modern-society-tickets-1989163384229,false,false
Melbourne International CINEVERSE Film Fest: Best Picture Showcase @ ACMI,Melbourne International CINEVERSE Film Fest presents the Best Picture Show. Be thrilled by new films from Australia and beyond. Only at ACMI,2026-06-13 20:00:00,2026-06-13 21:45:00,ACMI,Melbourne,"Film, Media & Entertainment",,11.37 AUD - 119.00 AUD,https://cdn.evbuc.com/images/1181586089/424954248729/1/original.20260407-123500,https://www.eventbrite.fr/e/melbourne-international-cineverse-film-fest-best-picture-showcase-acmi-tickets-1986884383677,true,false
Winter Comfort Food with The Food Affectionist,"Join Lillie Giang for a warm, flavour‑packed cooking demonstration highlighting the ease, safety and health benefits of electric cooking.",2026-06-11 10:30:00,2026-06-11 12:00:00,Doncaster Library,Doncaster,Food & Drink,free-cheap,Free,https://cdn.evbuc.com/images/1178467966/2024267300503/1/original.20260226-000126,https://www.eventbrite.com.au/e/winter-comfort-food-with-the-food-affectionist-tickets-1984001071613,false,false
90s + 2000s RNB BLOCK PARTY - KING'S BIRTHDAY EVE - THE EMERSON,RNB BLOCK PARTY FINALLY ARRIVES IN MELBOURNE. Get ready to dance and sing all night long to the best old school RNB and slowjams.,2026-06-07 21:00:00,2026-06-08 04:00:00,The Emerson Rooftop Bar and Club,South Yarra,Music,high-energy,27.78 AUD - 48.96 AUD,https://cdn.evbuc.com/images/1181275436/286601144174/1/original.20260402-093916,https://www.eventbrite.com.au/e/90s-2000s-rnb-block-party-kings-birthday-eve-the-emerson-tickets-1986175150341,true,false
How to take great photos (with your phone),Learn how to take photos meaningfully in this session focusing on the craft of taking a great photo with your phone.,2026-05-29 10:00:00,2026-05-29 11:00:00,Altona Meadows Library and Learning Centre,Altona Meadows,Performing & Visual Arts,free-cheap,Free,https://cdn.evbuc.com/images/1177593450/418661600387/1/original.20260215-234642,https://www.eventbrite.com.au/e/how-to-take-great-photos-with-your-phone-tickets-1983221738607,false,false
Nourishing Noodle Bowls,Learn how to plan and prepare for healthy eating and enjoy a nourishing noodle bowl.,2026-05-28 18:30:00,2026-05-28 20:00:00,Glenroy Library,Glenroy,Food & Drink,free-cheap,Free,https://cdn.evbuc.com/images/1184228475/2947365139/1/original.20260510-091800,https://www.eventbrite.com.au/e/nourishing-noodle-bowls-tickets-1989167875663,false,false
Lets Vibe Presents // Soho Takeover,STILL A SUNDAY BUT MONDAY IS OFF!,2026-06-07 16:00:00,2026-06-08 00:00:00,Soho Restaurant and Bar,Southbank,Music,high-energy,8.72 AUD - 27.78 AUD,https://cdn.evbuc.com/images/1184913069/250318920076/1/original.20260519-045832,https://www.eventbrite.com.au/e/lets-vibe-presents-soho-takeover-tickets-1989887784931,false,false
EXHUMED (USA) Returns To Melbourne,GORE METAL KINGS EXHUMED (USA) ANNOUNCE AUSTRALIA / NEW ZEALAND TOUR 2026!,2026-06-06 19:00:00,2026-06-06 22:30:00,Stay Gold,Brunswick,Performing & Visual Arts,low-key,75.80 AUD,https://cdn.evbuc.com/images/1179550083/2752525928281/1/original.20260311-020959,https://www.eventbrite.com.au/e/exhumed-usa-returns-to-melbourne-tickets-1979942635722,true,false
From DNA to Disease: Understanding Immune Disorders,Talks on Tuesdays: Real lectures in your favourite venues. 45-min&A with Dr Emily Edwards,2026-06-02 18:30:00,2026-06-02 20:30:00,Golden Gate Hotel,South Melbourne,Food & Drink,groups,27.78 AUD,https://cdn.evbuc.com/images/1182632481/2830500193961/1/original.20260421-020454,https://www.eventbrite.com/e/from-dna-to-disease-understanding-immune-disorders-tickets-1985501694015,false,false
Caviar Masterclass - Toorak VIC,In this Masterclass you will experience a vertical tasting of three styles of caviar matched with champagne and vodka.,2026-06-11 18:30:00,2026-06-11 20:30:00,Simon Johnson Toorak,Toorak,Food & Drink,groups,210.00 AUD,https://cdn.evbuc.com/images/917855273/267368937555/1/original.20241215-230451,https://www.eventbrite.com.au/e/caviar-masterclass-toorak-vic-tickets-1987287321876,false,false
DONOVAN BTS LIVE IN MELBOURNE,AUSTRALIA TOUR 2026 — HOSTED BY LAKAZ CREOLE,2026-06-12 21:00:00,2026-06-13 03:30:00,Inflation Entertainment Complex,Melbourne,Music,high-energy,38.37 AUD - 64.84 AUD,https://cdn.evbuc.com/images/1181703375/773213509473/1/original.20260408-161107,https://www.eventbrite.com/e/donovan-bts-live-in-melbourne-tickets-1986994066742,false,false
Hawkers Vintage Sessions,"7 barrel-aged Hawkers beers, hosted by the brewers. $40 ticket fully redeemable at the bar. 36 tickets only.",2026-06-06 14:00:00,2026-06-06 16:00:00,Hopheads Yarraville,Yarraville,Food & Drink,groups,43.66 AUD,https://cdn.evbuc.com/images/1184265930/280315835855/1/original.20260511-040610,https://www.eventbrite.com/e/hawkers-vintage-sessions-tickets-1988880263407,false,false
Bollywood Dancing for beginners,"Get ready to move and groove with fun Bollywood dance moves—no experience needed, just good vibes!",2026-05-28 19:30:00,2026-05-28 20:30:00,level 1/104 Burwood Rd,Hawthorn,Performing & Visual Arts,low-key,19.31 AUD,https://cdn.evbuc.com/images/1182458443/37716214252/1/original.20260418-054444,https://www.eventbrite.com/e/bollywood-dancing-for-beginners-tickets-1987720987983,false,false
"""UNPROMPTED"" Afterparty","The party celebrating the “UNPROMPTED” Plagiarist collection will be held on May 30th. Playing Hyperpop, Electroclash, Drain, EDM, UG",2026-05-30 22:00:00,2026-05-31 03:00:00,265 William St,Melbourne,Music,high-energy,0.00 AUD,https://cdn.evbuc.com/images/1183067004/735508660223/1/original.20260426-155425,https://www.eventbrite.com.au/e/unprompted-afterparty-tickets-1988271691151,false,false
Lamb Masterclass with Gary McBean - 13/06,"If you’ve always wanted to try your hand at butchery, here’s your chance. Led by Gary himself in an intimate four person class setting.",2026-06-13 14:00:00,2026-06-13 16:30:00,G.McBean Family Butcher,South Yarra,Food & Drink,groups,495.00 AUD,https://cdn.evbuc.com/images/777260619/2144117228173/1/original.20240528-012730,https://www.eventbrite.com/e/lamb-masterclass-with-gary-mcbean-1306-tickets-1980842921501,false,false
DIRTY DAYS | 07.06.26 | 21 YEARS OF DIRTY DAYS + BOILER ROOM,"This June 7th, join us for a 12 hour underground experience from 7PM–7AM, taking control of 3 levels and 4 rooms at Brown Alley.",2026-06-07 19:00:00,2026-06-08 07:00:00,Brown Alley,Melbourne,Music,high-energy,22.26 AUD - 48.73 AUD,https://cdn.evbuc.com/images/1180728825/2561832372421/1/original.20260326-054225,https://www.eventbrite.com.au/e/dirty-days-070626-21-years-of-dirty-days-boiler-room-tickets-1985905538926,true,false
Pub Sup - Melbourne,Join Club Sup at The North Fitzroy Arms for a pub meal and new friends,2026-06-18 18:30:00,2026-06-18 21:30:00,North Fitzroy Arms Hotel,Fitzroy North,Food & Drink,groups,85.46 AUD,https://cdn.evbuc.com/images/1015678073/2160031684983/1/original.20250424-062508,https://www.eventbrite.com.au/e/pub-sup-melbourne-tickets-1982650497008,false,false
The Speed Wine Dating Tour- 6 June (Saturday),"Join a fun singles wine tour in the Yarra Valley with great wine, relaxed chats, hosted intros, and real-life connections.",2026-06-06 09:00:00,2026-06-06 17:00:00,Parliament House [Opposite Hotel- H & G Hotel Opposite Windsor Castle],Melbourne,Food & Drink,groups,149.00 AUD,https://cdn.evbuc.com/images/1184113911/1529595558733/1/original.20260508-122858,https://www.eventbrite.com.au/e/the-speed-wine-dating-tour-6-june-saturday-tickets-1989073615729,false,false
"Warehouse3000 10 Years feat. Christian Smith , HMC, Nubreed Journey Man +++",Come and hep us celebrate 10 years of Warehouse3000 !!!!,2026-06-07 13:00:00,2026-06-08 01:00:00,Howler,Brunswick,Music,high-energy,27.70 AUD - 42.32 AUD,https://cdn.evbuc.com/images/1184775091/317006118507/1/original.20260517-055801,https://www.eventbrite.com.au/e/warehouse3000-10-years-feat-christian-smith-hmc-nubreed-journey-man-tickets-1983499330893,true,false
MOMENTUM x Circus Bar,"Following on from yet another packed out venue takeover, we are backing it up with a rooftop party at one of Melbourne most iconic bars.",2026-06-06 16:00:00,2026-06-06 22:00:00,Circus Bar,South Yarra,Music,high-energy,17.19 AUD - 22.49 AUD,https://cdn.evbuc.com/images/1183191560/3000217053661/1/original.20260428-042407,https://www.eventbrite.com/e/momentum-x-circus-bar-tickets-1988373469573,false,false
Daal & Bass Vol.5 - Mastané ( Asad Khan + Raaginder),"A live South Asian electronic experience blending Punjabi roots, classical textures, cinematic bass, and late-night club energy.",2026-06-13 23:00:00,2026-06-14 03:00:00,The Night Cat,Fitzroy,Music,high-energy,25.00 AUD - 39.00 AUD,https://cdn.evbuc.com/images/1185117492/2635239671561/1/original.20260521-100240,https://www.eventbrite.com.au/e/daal-bass-vol5-mastane-asad-khan-raaginder-tickets-1989284575716,true,false
The Living Skeleton: What It Means to Be Embodied,Talks on Tuesdays: Real lectures in your favourite venues. 45-min&A with Dr Sarah M Rosen,2026-06-23 18:30:00,2026-06-23 20:30:00,Brick Lane Market | Brick Lane Brewing Co,Melbourne,Food & Drink,groups,27.78 AUD,https://cdn.evbuc.com/images/1182632043/2830500193961/1/original.20260421-015700,https://www.eventbrite.com/e/the-living-skeleton-what-it-means-to-be-embodied-tickets-1988795672393,false,false
JAPANESE CITY POP VINYL - Listening Party & Drinks,"Japanese Citypop, Deep listening & Vinyl Culture",2026-06-11 19:30:00,2026-06-11 21:00:00,Sabi Sounds Hawthorn,Hawthorn,Music,high-energy,20.37 AUD,https://cdn.evbuc.com/images/1184767962/2985978485524/1/original.20260516-233745,https://www.eventbrite.com.au/e/japanese-city-pop-vinyl-listening-party-drinks-tickets-1989655472077,false,false
"Whey, Wine & Wagyu Long Lunch – Part 4","Wagyu and wine long lunch with Penfolds, featuring an unreleased Shiraz, expert hosts and a fun, interactive dining experience in the CBD.",2026-06-13 14:30:00,2026-06-13 17:30:00,Henry and the Fox,Melbourne,Food & Drink,groups,113.96 AUD,https://cdn.evbuc.com/images/1182632985/800920329013/1/original.20260421-021501,https://www.eventbrite.com.au/e/whey-wine-wagyu-long-lunch-part-4-tickets-1987105387706,false,false
Fashion Life Drawing,"A relaxed, beginner-friendly life drawing class with models modelling vintage pieces.",2026-05-31 13:00:00,2026-05-31 16:00:00,WAXY APPLES VINTAGE,Elsternwick,Performing & Visual Arts,low-key,0.00 AUD - 17.19 AUD,https://cdn.evbuc.com/images/1184466686/208116043506/1/original.20260513-032009,https://www.eventbrite.com.au/e/fashion-life-drawing-tickets-1988391931794,false,false
May 28 | Game On — The KISMETRIX Trivia Night — Konar Bar,"Trivia meets social night. Rotate, connect, and enjoy a relaxed evening with one drink included.",2026-05-28 19:00:00,2026-05-28 22:00:00,Konar Bar (Previously Rodolfos Ormond),Ormond,Food & Drink,groups,63.79 AUD,https://cdn.evbuc.com/images/1183317873/2997014131055/1/original.20260429-104304,https://www.eventbrite.com.au/e/may-28-game-on-the-kismetrix-trivia-night-konar-bar-tickets-1988470004311,false,false
Conquering Breast Cancer Film Premiere,Please join us in celebrating the Australian Premiere of Conquering Breast Cancer.,2026-06-02 18:00:00,2026-06-02 20:30:00,Village Cinemas Rivoli,Hawthorn East,"Film, Media & Entertainment",free-cheap,Free,https://cdn.evbuc.com/images/1183762524/2997101738041/1/original.20260504-234246,https://www.eventbrite.com.au/e/conquering-breast-cancer-film-premiere-tickets-1986871516190,false,false
Tyson Popplestone Live,"After racking up 100M+ views online and gigging all around Australia, Tyson Popplestone is back with a brand new show.",2026-06-03 19:30:00,2026-06-03 21:00:00,Lido Cinemas,Hawthorn,Performing & Visual Arts,low-key,27.78 AUD,https://cdn.evbuc.com/images/1183300159/243614633295/1/original.20260429-050207,https://www.eventbrite.com.au/e/tyson-popplestone-live-tickets-1988458716549,false,false
The Adventures of Priscilla Queen Of The Desert Screening,See Priscilla Queen Of The Desert as you’ve never seen before – with a shadow cast of drag legends!,2026-06-06 20:00:00,2026-06-06 22:00:00,Victorian Pride Centre - Theatrette,St Kilda,"Film, Media & Entertainment",,35.00 AUD,https://cdn.evbuc.com/images/1184261002/1476519337843/1/original.20260511-014643,https://www.eventbrite.com.au/e/the-adventures-of-priscilla-queen-of-the-desert-screening-tickets-1988603426380,false,false
"Rewind's 10th Birthday BOAT PARTY (All Black Everything, King's Eve)",A SPECIAL ONE-OFF EVENT TO CELEBRATE 1O YEARS OF HOSTING MELBOURNE'S BIGGEST BOAT PARTIES!,2026-06-07 19:45:00,2026-06-07 23:15:00,131 Harbour Esplanade,Docklands,Music,high-energy,30.00 AUD - 54.26 AUD,https://cdn.evbuc.com/images/1184841697/230474273176/1/original.20260518-124442,https://www.eventbrite.com.au/e/rewinds-10th-birthday-boat-party-all-black-everything-kings-eve-tickets-1989210741877,false,false
Club Vino,A social club and guided wine tasting. Six wines / good company / no fuss.,2026-05-28 19:00:00,2026-05-28 20:30:00,Robbie's Wine Bar,Hawthorn East,Food & Drink,groups,50.00 AUD,https://cdn.evbuc.com/images/1183774518/252312101358/1/original.20260505-021834,https://www.eventbrite.com.au/e/club-vino-tickets-1988732808365,false,false
CLAYMORE @ORRONG HOTEL - WINE & A BITE,"Chill vibes, tasty bites, and fine wine await you at CLAYMORE @ORRONG HOTEL – come sip and snack with us!",2026-05-28 18:30:00,2026-05-28 20:30:00,The Orrong Hotel,Armadale,Food & Drink,groups,65.00 AUD,https://cdn.evbuc.com/images/1182205153/139304714520/1/original.20260415-065132,https://www.eventbrite.com.au/e/claymore-orrong-hotel-wine-a-bite-tickets-1987480954035,false,false
"""Australian"" Kapital Partners presents. EQ (Live)",,2026-06-13 23:00:00,2026-06-14 05:00:00,Sub Club Melbourne,Melbourne,"Film, Media & Entertainment",,22.49 AUD - 33.08 AUD,https://cdn.evbuc.com/images/1182931012/427517719286/1/original.20260424-015337,https://www.eventbrite.com.au/e/australian-kapital-partners-presents-eq-live-tickets-1988139150719,false,false
South Melbourne Short Film Festival - Crown Visual Studio,"7 short films from USA, Iran, Georgia, Brazil & Israel, one drink included, Friday night at Crown Visual Studio.",2026-05-29 19:00:00,2026-05-29 21:00:00,unit 320/87 Gladstone St,South Melbourne,"Film, Media & Entertainment",,15.00 AUD,https://cdn.evbuc.com/images/1184227212/2245815004053/1/original.20260510-080042,https://www.eventbrite.com.au/e/south-melbourne-short-film-festival-crown-visual-studio-tickets-1989166574772,false,false
Hardback Bookbinding for Beginners to Advanced,Join award-winning artist Deanna Hitti for a two-day masterclass in the craft of hardback bookbinding.,2026-06-13 10:00:00,2026-06-20 15:00:00,Bundoora Homestead Art Centre,Bundoora,Performing & Visual Arts,low-key,64.84 AUD - 96.61 AUD,https://cdn.evbuc.com/images/1183500521/141920522895/1/original.20260501-062825,https://www.eventbrite.com.au/e/hardback-bookbinding-for-beginners-to-advanced-tickets-1988537551346,false,false
"Laugh Louder Comedy Night with Richard Stubbs- May 29th, LOEV  Moorabbin",The laughs are louder at LOEV's comedy night. Join us for a night of laughter on May 29th with Richard Stubbs and special guests.,2026-05-29 19:00:00,2026-05-29 22:00:00,LOEV,Moorabbin,Performing & Visual Arts,low-key,32.24 AUD - 40.00 AUD,https://cdn.evbuc.com/images/1179087248/853739543363/1/original.20260305-073626,https://www.eventbrite.com.au/e/laugh-louder-comedy-night-with-richard-stubbs-may-29th-loev-moorabbin-tickets-1984534851162,false,false
Dusk,Come celbrate my first Birthday Idol Live.,2026-05-30 13:00:00,2026-05-30 15:00:00,Richmond Theatrette,Richmond,Performing & Visual Arts,free-cheap,Free,https://cdn.evbuc.com/images/1181240403/2465829000281/1/original.20260401-212615,https://www.eventbrite.com.au/e/dusk-tickets-1982276943700,false,false
Art Nest: Fun Evening of Art & Chats,"For girls who want to create, come join us for a night of art. Materials provided, just turn up! Pay on arrival :)",2026-05-26 18:00:00,2026-05-26 20:00:00,THE ANGRY DOG,West Melbourne,Performing & Visual Arts,free-cheap,Free,https://cdn.evbuc.com/images/1179103368/1477709108343/1/original.20260305-132437,https://www.eventbrite.co.uk/e/art-nest-fun-evening-of-art-chats-tickets-1989990529242,false,false
The New Jack Swing Party!,By popular demand!! We are excited to present an intimate evening of unforgettable Hits that defined a generation.,2026-06-06 19:00:00,2026-06-07 01:00:00,Cyan Bar & Lounge,Mentone,Music,high-energy,22.49 AUD,https://cdn.evbuc.com/images/1179305276/368347397223/1/original.20260308-031202,https://www.eventbrite.com.au/e/the-new-jack-swing-party-tickets-1984702019166,false,false
The Speed Wine Dating Tour - Saturday 6th June,"Join a fun singles wine tour in the Yarra Valley with great wine, relaxed chats, hosted intros, and real-life connections.",2026-06-06 09:00:00,2026-06-06 17:00:00,Parliament House [Opposite Hotel- H & G Hotel Opposite Windsor Castle],Melbourne,Food & Drink,groups,149.00 AUD,https://cdn.evbuc.com/images/1184113911/1529595558733/1/original.20260508-122858,https://www.eventbrite.com.au/e/the-speed-wine-dating-tour-saturday-6th-june-tickets-1989727401219,false,false
Tech Death Kings ORIGIN Return to Melbourne!,Brought to You By Your Mate Bookings.Tech-Death Titans ORIGIN Return to Australia for the First Time Since 2014 – Headlining Sydney Dethfest,2026-06-12 19:00:00,2026-06-12 22:30:00,Stay Gold,Brunswick,Music,high-energy,65.80 AUD - 75.80 AUD,https://cdn.evbuc.com/images/1152340143/2752525928281/1/original.20251013-232251,https://www.eventbrite.com.au/e/tech-death-kings-origin-return-to-melbourne-tickets-1816453073039,true,false
Fat Cabaret,Fat Cabaret is a glorious celebration of fat performers taking centre stage on their own terms.,2026-06-13 19:00:00,2026-06-13 20:30:00,Theory Bar,Melbourne,Performing & Visual Arts,low-key,36.26 AUD - 41.54 AUD,https://cdn.evbuc.com/images/1182125914/2815107715601/1/original.20260414-123514,https://www.eventbrite.com.au/e/fat-cabaret-tickets-1987392062157,false,false
Trance Tech X-Paul Denton (IRE) | Trance Event Melbourne| 24 Moons | 30 May,Three tiers sold out. Final Release on sale now —From $54.,2026-05-30 19:00:00,2026-05-31 02:00:00,24 Moons,Northcote,Music,high-energy,54.26 AUD - 160.00 AUD,https://cdn.evbuc.com/images/1185227707/2853081373431/1/original.20260522-161026,https://www.eventbrite.com.au/e/trance-tech-x-paul-denton-ire-trance-event-melbourne-24-moons-30-may-tickets-1985046579756,false,false
Davines Advance: The Present Time Mixology Lab - VIC,"Step into the mixology lab and boost creativity with consistent, beautiful results.",2026-06-01 09:30:00,2026-06-01 16:30:00,Shibui,South Yarra,Fashion & Beauty,groups,120.00 AUD,https://cdn.evbuc.com/images/1165012443/1334925087983/1/original.20251029-004750,https://www.eventbrite.com.au/e/davines-advance-the-present-time-mixology-lab-vic-tickets-1975071078764,false,false
Wines That Defined Long Lunch | Melbourne,Join Wine Selectors for an afternoon showcase of some of the best Australian wine at one-hatted From Here By Mike restaurant.,2026-06-13 12:30:00,2026-06-13 16:00:00,From Here by Mike,Docklands,Food & Drink,groups,187.15 AUD - 219.39 AUD,https://cdn.evbuc.com/images/1147353923/218950434045/1/original.20251007-224357,https://www.eventbrite.com.au/e/wines-that-defined-long-lunch-melbourne-tickets-1783192810699,false,false
Day Doof #1 at The Osborne,POOF DOOF is taking over the The Osborne rooftop for our first day doof of the season!,2026-06-06 14:00:00,2026-06-06 21:30:00,The Osborne Rooftop & Bar,South Yarra,Music,high-energy,27.82 AUD - 38.73 AUD,https://cdn.evbuc.com/images/1182205770/393922168167/1/original.20260415-071436,https://www.eventbrite.com.au/e/day-doof-1-at-the-osborne-tickets-1987367734392,false,false
BROKE AF EMO NIGHT MELBOURNE,"Imagine living like a king someday, a single night without an empty bank account",2026-06-07 20:00:00,2026-06-08 03:00:00,Deluxe Bar,Moonee Ponds,Music,high-energy,0.00 AUD - 21.59 AUD,https://cdn.evbuc.com/images/1175114325/2988342204540/1/original.20260117-052411,https://www.eventbrite.com.au/e/broke-af-emo-night-melbourne-tickets-1980765628315,false,false
Blunderbuss 4th Edition whisky launch,"Celebrate the 4th edition of Blunderbuss whisky with a vertical tasting of all four releases, paired with Hop Nation Kalash beers",2026-06-14 14:00:00,2026-06-14 16:00:00,Bakery Hill Distillery,Kensington,Food & Drink,groups,130.00 AUD,https://cdn.evbuc.com/images/1184264730/205118445179/1/original.20260511-033049,https://www.eventbrite.com.au/e/blunderbuss-4th-edition-whisky-launch-tickets-1989191734024,false,false
POOF DOOF Drag Luncheon - Sat 13th June,Pride Month Edition of our iconic Drag Brunch at 1 Hotel Melbourne,2026-06-13 13:00:00,2026-06-13 17:00:00,1 Hotel Melbourne,Docklands,Food & Drink,groups,87.81 AUD,https://cdn.evbuc.com/images/1184369088/393922168167/1/original.20260512-060323,https://www.eventbrite.com.au/e/poof-doof-drag-luncheon-sat-13th-june-tickets-1989278970952,false,false
Electric Fridays presents DIRTY SOUTH & JOHN COURSE,Electric Fridays locks in two staples of Australian house music - Dirty South & John Course.,2026-05-29 20:00:00,2026-05-30 03:00:00,Electric Bar,Prahran,Music,high-energy,22.49 AUD - 33.08 AUD,https://cdn.evbuc.com/images/1184364959/1331316906283/1/original.20260512-041334,https://www.eventbrite.com.au/e/electric-fridays-presents-dirty-south-john-course-tickets-1989269075354,false,false
TRIBEADELIC 30 YEAR SHOWCASE,"Celebrating an amazing 30 years of Tribeadelic events, Showcasing our favourites over the years !",2026-06-20 22:00:00,2026-06-21 06:00:00,my aeon,Brunswick,Music,high-energy,17.19 AUD - 27.78 AUD,https://cdn.evbuc.com/images/1182108605/133530060936/1/original.20260414-063842,https://www.eventbrite.com.au/e/tribeadelic-30-year-showcase-tickets-1987375029211,false,false
An evening with Helen's Hill Wine Makers,"An intimate five-course wine dinner at Saint & Rogue, featuring expertly paired wines by Helen Hills.",2026-06-24 18:00:00,2026-06-24 21:00:00,Saint & Rogue,Melbourne,Food & Drink,groups,181.32 AUD,https://cdn.evbuc.com/images/1180188795/2394683449323/1/original.20260318-225202,https://www.eventbrite.com.au/e/an-evening-with-helens-hill-wine-makers-tickets-1985479833630,false,false
VIPER ROOM GLOW 2.0 Sat 20 June 2026,VIPER ROOM goes hyper GLOW 2.0 with a visual and auditory anthems overload of your senses.,2026-06-20 22:00:00,2026-06-21 05:00:00,Club Pandora,South Melbourne,Music,high-energy,43.66 AUD - 165.43 AUD,https://cdn.evbuc.com/images/1180206051/210072873095/1/original.20260319-044048,https://www.eventbrite.com.au/e/viper-room-glow-20-sat-20-june-2026-tickets-1985490993008,false,false
CDW Studios Open Day 2026 - Melbourne Studio,Visit our Open Day at CDW Studios Melbourne!,2026-06-13 12:00:00,2026-06-13 15:00:00,CDW Studios School of Visual Effects and Entertainment Design Melbourne,Southbank,Performing & Visual Arts,free-cheap,Free,https://cdn.evbuc.com/images/1178862616/2707345403061/1/original.20260303-020043,https://www.eventbrite.com.au/e/cdw-studios-open-day-2026-melbourne-studio-tickets-1982410347715,false,false
Dhunlab Ft. AKU (LA) + Special Guests,Dhunlab lands back in Naarm/Melbourne with a global club session led by Los Angeles-based DJ and producer AKU (LA),2026-05-29 22:00:00,2026-05-30 03:00:00,The Moser Room (Chasers),South Yarra,Music,high-energy,19.90 AUD - 35.00 AUD,https://cdn.evbuc.com/images/1184281785/2635239671561/1/original.20260511-104857,https://www.eventbrite.com.au/e/dhunlab-ft-aku-la-special-guests-tickets-1989167215689,false,false
Jake's Birthday Bash,10 Comedians for $10. Big stand-up show.,2026-05-31 17:00:00,2026-05-31 18:30:00,Club Voltaire,North Melbourne,Performing & Visual Arts,low-key,10.00 AUD,https://cdn.evbuc.com/images/1183574724/1044601479693/1/original.20260502-045537,https://www.eventbrite.com.au/e/jakes-birthday-bash-tickets-1988664830040,false,false
Melbourne International CINEVERSE Film Fest: The Directors Awards @ ACMI,Melbourne International CINEVERSE Film Fest presents the Directors Awards. Be thrilled by new films from Australia and beyond.,2026-06-13 17:30:00,2026-06-13 19:00:00,ACMI,Melbourne,"Film, Media & Entertainment",,11.37 AUD - 119.00 AUD,https://cdn.evbuc.com/images/1181586083/424954248729/1/original.20260407-123452,https://www.eventbrite.fr/e/melbourne-international-cineverse-film-fest-the-directors-awards-acmi-tickets-1986884259305,true,false
"Exploring ""Wonder"" through Art and Poetry","A morning of reflection, creativity and conversation.",2026-06-13 09:15:00,2026-06-13 13:00:00,WellSpring Centre Inc.,Ashburton,Performing & Visual Arts,low-key,81.26 AUD,https://cdn.evbuc.com/images/1172117207/2975000051691/1/original.20251202-023949,https://www.eventbrite.com.au/e/exploring-wonder-through-art-and-poetry-tickets-1972909849469,false,false
Winter Breaks Feat. Krafty Kuts(UK)  + DJ CRAZE (USA) +++,Krafty kuts back in town for the Turbulence Album tour ...,2026-06-20 19:00:00,2026-06-21 01:00:00,Howler,Brunswick,Music,high-energy,36.05 AUD - 47.54 AUD,https://cdn.evbuc.com/images/1183401493/317006118507/1/original.20260430-040542,https://www.eventbrite.com.au/e/winter-breaks-feat-krafty-kutsuk-dj-craze-usa-tickets-1988532791108,true,false
"Chapel Hill with Stithia, Grindhouse and Dead End","Adelaide hardcore, Chapel Hill hit Melbourne to headline Stithia debut at The Graveyard, with Grindhouse and Dead End.",2026-06-13 19:00:00,2026-06-13 22:00:00,The Graveyard Bar,Coburg North,Music,high-energy,22.49 AUD,https://cdn.evbuc.com/images/1183891201/2918320261161/1/original.20260506-080409,https://www.eventbrite.com.au/e/chapel-hill-with-stithia-grindhouse-and-dead-end-tickets-1988894356560,false,false
Meet Gertrude x Times New Roman Collaboration,Join us for one night only as Gertrude takes over the Times New Roman kitchen for an elevated Filipino-Malaysian feast.,2026-06-08 18:00:00,2026-06-08 20:30:00,Times New Roman Bar,Brunswick East,Fashion & Beauty,groups,74.37 AUD,https://cdn.evbuc.com/images/1181764423/2997434092349/1/original.20260409-085024,https://www.eventbrite.com.au/e/meet-gertrude-x-times-new-roman-collaboration-tickets-1987040515672,true,false
Warren Miller's  Sno-Ciety - Melbourne,CELEBRATE WARREN MILLER’S 76TH ANNUAL SKI FILM,2026-05-27 19:00:00,2026-05-27 21:15:00,Classic Cinemas,Elsternwick,"Film, Media & Entertainment",,22.46 AUD - 37.96 AUD,https://cdn.evbuc.com/images/1185010219/214074833082/1/original.20260520-050251,https://www.eventbrite.com.au/e/warren-millers-sno-ciety-melbourne-tickets-1977451925942,false,false
Amelia Adler EP Launch at Bar 303,"Amelia Adler launches her debut EP: a reflection on loss, joy and love in a world on fire.",2026-05-29 19:30:00,2026-05-29 23:30:00,Bar 303,Northcote,Music,high-energy,22.49 AUD,https://cdn.evbuc.com/images/1181422866/2997463210761/1/original.20260404-113931,https://www.eventbrite.com/e/amelia-adler-ep-launch-at-bar-303-tickets-1986703172670,false,false
The And Series: Trivia,It's time we put our brains together with people you've met at The And Pilates Club.,2026-05-28 19:30:00,2026-05-28 21:00:00,Richmond Club Hotel,Richmond,Food & Drink,free-cheap,Free,https://cdn.evbuc.com/images/1184464075/2946938083391/1/original.20260513-022349,https://www.eventbrite.com/e/the-and-series-trivia-tickets-1989354113706,false,false
All New In 2026 - Underbelly ft Rule & Silvester LIVE at Matthew Flinders!,"TRUE CRIME FANS! You're invited to see Andrew Rule & John Silvester LIVE atMatthew Flinders Hotel, Wednesday June 17!",2026-06-17 19:00:00,2026-06-17 21:30:00,Matthew Flinders Hotel,Chadstone,"Film, Media & Entertainment",,53.54 AUD,https://cdn.evbuc.com/images/1182762503/623080755563/1/original.20260422-102227,https://www.eventbrite.com.au/e/all-new-in-2026-underbelly-ft-rule-silvester-live-at-matthew-flinders-tickets-1987987050784,false,false
Feast of the Divine - Wholefoods End of Semester Party,Wholefoods brings to you ✨ Feast of the Divine ✨,2026-05-29 18:00:00,2026-05-29 22:00:00,Wholefoods Cafe & Restaurant,Monash University,Food & Drink,groups,7.00 AUD - 13.00 AUD,https://cdn.evbuc.com/images/1184812753/1129859628123/1/original.20260518-012917,https://www.eventbrite.com.au/e/feast-of-the-divine-wholefoods-end-of-semester-party-tickets-1989800676387,false,false
The Silence Within - Short Film,"Dive into the raw emotions of silence with ""The Silence Within"" short film, live and in-person!",2026-05-30 17:00:00,2026-05-30 18:00:00,The Motley Bauhaus,Carlton,"Film, Media & Entertainment",free-cheap,Free,https://cdn.evbuc.com/images/1184833582/3002464906250/1/original.png,https://www.eventbrite.com.au/e/the-silence-within-short-film-tickets-1989819105509,false,false
Scratching 'Desire Path' Album Launch,"Scratching launch debut album Desire Path. Instinct-led, genre-fluid, emotionally tangled. At High Note, in the round.",2026-05-28 19:30:00,2026-05-28 21:30:00,High Note,Northcote,Music,high-energy,17.19 AUD,https://cdn.evbuc.com/images/1183897407/1088185819283/1/original.20260506-095353,https://www.eventbrite.com.au/e/scratching-desire-path-album-launch-tickets-1988898550103,false,false
An Exclusive first look at our 8-week Adult Courses Piano/Guitar/Singing,"Join us for a fun, relaxed preview of our upcoming 8-week courses in piano, guitar, and singing. Whether you’re a total beginner or not!",2026-06-04 17:00:00,2026-06-04 18:00:00,THE MUSIC GYM,Melbourne,Music,free-cheap,Free,https://cdn.evbuc.com/images/1182121062/299596986702/1/original.20260414-110610,https://www.eventbrite.com.au/e/an-exclusive-first-look-at-our-8-week-adult-courses-pianoguitarsinging-tickets-1986967047928,false,false
Cinema Yarra: Last Year in Marienbad (1961) Screening & film club,Join us for a screening and film club discussion at Richmond Library as part of our Libraries After Dark series!,2026-06-15 18:00:00,2026-06-15 21:00:00,Richmond Library,Richmond,"Film, Media & Entertainment",free-cheap,Free,https://cdn.evbuc.com/images/1180286708/122619786905/1/original.20260320-002748,https://www.eventbrite.com.au/e/cinema-yarra-last-year-in-marienbad-1961-screening-film-club-tickets-1985553906183,false,false
Analog Art Club: Face to face,"In partnership with PGAV and ArtsHub, join us at Manningham Art Gallery for a phone-free, colourful self portrait session",2026-05-27 16:00:00,2026-05-27 18:00:00,Manningham Art Gallery,Doncaster,Performing & Visual Arts,free-cheap,Free,https://cdn.evbuc.com/images/1184078398/1191438050713/1/original.20260508-005012,https://www.eventbrite.com.au/e/analog-art-club-face-to-face-tickets-1985783070620,false,false
GIROLOCO TOUR Presents: Naken @ Sub Club Melbourne,"For the second time, Giroloco will be at Sub Club for another expected sold out. Keep ya heads up cause tickets will go fast!",2026-06-12 21:00:00,2026-06-13 04:00:00,Sub Club Melbourne,Melbourne,Music,high-energy,22.26 AUD - 37.92 AUD,https://cdn.evbuc.com/images/1184166940/2867609201311/1/original.20260508-235602,https://www.eventbrite.com/e/giroloco-tour-presents-naken-sub-club-melbourne-tickets-1988973711914,false,false
Art Night @ Waxy Apples Vintage,"We've expanded ♡ more sellers, more magic… and now an in-house energy healer full time to celebrate, we’re hosting an art night!",2026-06-04 17:00:00,2026-06-04 21:00:00,1/394 Glen Huntly Rd,Elsternwick,Performing & Visual Arts,low-key,15.00 AUD,https://cdn.evbuc.com/images/1183679426/800565522633/1/original.20260504-052032,https://www.eventbrite.com.au/e/art-night-waxy-apples-vintage-tickets-1988744569543,false,false
TGIF! with Charlie Pickering  (June 5),"TGIF! - Thank God It’s Friday! A weekly comedy radio show, recapping the week with some of Australia's best comedians",2026-06-05 16:30:00,2026-06-05 18:00:00,120 Southbank Blvd,Southbank,Performing & Visual Arts,free-cheap,Free,https://cdn.evbuc.com/images/935114043/1635972893823/1/original.20250114-080203,https://www.eventbrite.com/e/tgif-with-charlie-pickering-june-5-tickets-1988608094342,false,false
both/and: Audio-visual performance,Amalia Lindo and Dean Schrieke present a live audio-visual performance to mark the closing of both/and.,2026-05-30 18:00:00,2026-05-30 21:00:00,Haydens,Brunswick East,Performing & Visual Arts,low-key,10.00 AUD,https://cdn.evbuc.com/images/1184564580/1157172438773/1/original.20260514-025007,https://www.eventbrite.com.au/e/bothand-audio-visual-performance-tickets-1989436427910,false,false
TGIF! with Charlie Pickering (May 29),"TGIF! - Thank God It’s Friday! A weekly comedy radio show, recapping the week with some of Australia's best comedians",2026-05-29 16:30:00,2026-05-29 18:00:00,120 Southbank Blvd,Southbank,Performing & Visual Arts,free-cheap,Free,https://cdn.evbuc.com/images/935114043/1635972893823/1/original.20250114-080203,https://www.eventbrite.com/e/tgif-with-charlie-pickering-may-29-tickets-1988608077291,false,false
AASA: THE CURRY CANVAS CLUB,We're back and we're switching it up with a southie take on a Paint n Sip!,2026-05-30 12:00:00,2026-05-30 16:00:00,Lady T - Tatiana Bar,Cremorne,Performing & Visual Arts,low-key,42.94 AUD,https://cdn.evbuc.com/images/1184576074/2962326040321/1/original.20260514-083813,https://www.eventbrite.com/e/aasa-the-curry-canvas-club-tickets-1989208613511,false,false
Daaku Duo Live in Melbourne,Melbourne!!! Get ready to bring the house down as we proudly present Daaku Duo on 19 June at Billboards!!!,2026-06-19 22:00:00,2026-06-20 04:00:00,170 Russell St,Melbourne,Music,high-energy,29.99 AUD - 35.99 AUD,https://cdn.evbuc.com/images/1184239980/1157091445763/1/original.20260510-162149,https://www.eventbrite.com.au/e/daaku-duo-live-in-melbourne-tickets-1989175389136,true,false
LASTHOUR// 001,Melbourne’s underground revival. Live sets + afterparty. 18+,2026-05-28 20:00:00,2026-05-28 23:00:00,24 Moons,Northcote,Music,high-energy,12.00 AUD - 20.00 AUD,https://cdn.evbuc.com/images/1183987266/2996918663427/1/original.20260507-042056,https://www.eventbrite.com.au/e/lasthour-001-tickets-1986212697646,false,false
OYE FERIADO ◦ Sun 7 Jun ◦ KING'S B'DAY EVE @ Baroq House,Oye's Mega LATIN Public Holiday SPECIAL EVENT!,2026-06-07 19:00:00,2026-06-07 23:30:00,BaroqHouse,Melbourne,Music,high-energy,11.90 AUD - 38.37 AUD,https://cdn.evbuc.com/images/1183788394/350541377515/1/original.20260505-060436,https://www.eventbrite.com.au/e/oye-feriado-sun-7-jun-kings-bday-eve-baroq-house-tickets-1988814246950,false,false
Mabo: Life of an Island Man (1997) Film Screening,Celebrate the life of Eddie ‘Koiki’ Mabo with this powerful documentary.,2026-06-02 18:00:00,2026-06-02 19:30:00,Reservoir Library,Reservoir,"Film, Media & Entertainment",free-cheap,Free,https://cdn.evbuc.com/images/1179912556/326564131511/1/original.20260316-051024,https://www.eventbrite.com.au/e/mabo-life-of-an-island-man-1997-film-screening-tickets-1985255522710,false,false
ONE DIRECTION ALWAYS  PARTY MELBOURNE - 4HRS 100% 1D,ONE DIRECTION ALWAYS PARTY MELBOURNE - 4HRS 100% 1D | MIDNIGHTWATERMELON SUGAR SINGALONG | Deluxe Bar | $5 Happy Hour,2026-06-13 20:30:00,2026-06-14 02:00:00,595 Mt Alexander Rd,Moonee Ponds,Music,high-energy,9.51 AUD - 27.78 AUD,https://cdn.evbuc.com/images/1183195740/363623501817/1/original.20260428-062511,https://www.eventbrite.com.au/e/one-direction-always-party-melbourne-4hrs-100-1d-tickets-1988379991079,false,false
Cinema Yarra: Paperback Hero (1999),Join us at Collingwood Library for a FREE screening of Paperback Hero.,2026-06-04 13:00:00,2026-06-04 15:00:00,Collingwood Library,Abbotsford,"Film, Media & Entertainment",free-cheap,Free,https://cdn.evbuc.com/images/1179913190/122619786905/1/original.20260316-053047,https://www.eventbrite.com.au/e/cinema-yarra-paperback-hero-1999-tickets-1985255944973,false,false
Pizza Masterclass with Antonio,Learn dough and pizza basics with Antonio… while we feed you!,2026-06-07 12:00:00,2026-06-07 14:00:00,District Bottle Store,Pascoe Vale,Food & Drink,groups,120.00 AUD,https://cdn.evbuc.com/images/1183669880/310210544155/1/original.20240801-032133,https://www.eventbrite.com.au/e/pizza-masterclass-with-antonio-tickets-1988736986863,false,false
Glendronach Whiskey Night,"Exclusive whiskey tasting experience: enjoy six premium pours of Glendronch, thoughtfully paired with artisanal cheese and fine chocolates.",2026-05-28 19:30:00,2026-05-28 20:30:00,Mt View Hotel,Richmond,Food & Drink,groups,91.31 AUD,https://cdn.evbuc.com/images/1183573533/34611008912/1/original.20260502-040355,https://www.eventbrite.com/e/glendronach-whiskey-night-tickets-1988609702151,false,false
SLIPKNOT NIGHT PUBLIC HOLIDAY EVE MELBOURNE,People = Sh*t. Slipknot Night = Good,2026-06-07 23:00:00,2026-06-08 01:00:00,Deluxe Bar,Moonee Ponds,Music,high-energy,0.00 AUD - 21.59 AUD,https://cdn.evbuc.com/images/1180012708/2995487014548/1/original.20260317-031809,https://www.eventbrite.com.au/e/slipknot-night-public-holiday-eve-melbourne-registration-1980279879427,false,false
SECRET CELLAR: Riesling  Rivals - Clare Valley vs Mount Barker,"Join us for a fun night of tasting, dining, and reminiscing about all things Riesling at our exclusive eight-guest Sommelier-led wine event!",2026-06-13 19:00:00,2026-06-13 22:30:00,"Life's Too Short Bar, Tribeca Arcade, Victoria Parade, East Melbourne VIC, Australia",East Melbourne,Food & Drink,groups,175.26 AUD,https://cdn.evbuc.com/images/1175309322/646886598083/1/original.20260120-043927,https://www.eventbrite.com.au/e/secret-cellar-riesling-rivals-clare-valley-vs-mount-barker-tickets-1980792604000,false,false
Mama Alto's Pride Tea Party,This is no ordinary Tea Party!,2026-06-05 19:30:00,2026-06-05 22:00:00,Victorian Pride Centre - Theatrette,St Kilda,Music,high-energy,15.00 AUD - 100.00 AUD,https://cdn.evbuc.com/images/1183408615/1476519337843/1/original.20260430-073654,https://www.eventbrite.com.au/e/mama-altos-pride-tea-party-tickets-1988540173188,false,false
The Emerson X ASI - Bikini Pageant Melbourne Finals,"Catch the hottest vibes at The Emerson X ASI Bikini Pageant Melbourne Finals—live, stunning, and totally electric!",2026-05-29 20:00:00,2026-05-29 23:30:00,The Emerson Rooftop Bar and Club,South Yarra,Music,high-energy,22.49 AUD - 27.78 AUD,https://cdn.evbuc.com/images/1182374575/263407054154/1/original.20260417-011051,https://www.eventbrite.com.au/e/the-emerson-x-asi-bikini-pageant-melbourne-finals-tickets-1987658357654,true,false
How Things Work: Understanding Vaccines,Talks on Tuesdays: Real lectures in your favourite venues. 45-min&A with Paul Gill,2026-06-09 18:30:00,2026-06-09 20:30:00,Golden Gate Hotel,South Melbourne,Food & Drink,groups,27.78 AUD,https://cdn.evbuc.com/images/1182632577/2830500193961/1/original.20260421-020632,https://www.eventbrite.com/e/how-things-work-understanding-vaccines-tickets-1985503539535,false,false
BEATS BINGO - TAYLOR SWIFT [EPPING] at TGI Fridays,Balls to the wall!,2026-05-28 18:30:00,2026-05-28 20:30:00,TGI Fridays Epping,Epping,"Film, Media & Entertainment",free-cheap,Free,https://cdn.evbuc.com/images/1184457699/2584293477211/1/original.20260513-003853,https://www.eventbrite.com.au/e/beats-bingo-taylor-swift-epping-at-tgi-fridays-tickets-1979209509923,false,false
"[MELBOURNE] Friday, 05.06.2025 BRAY vs TILO","B Ray – rapper hot hàng đầu Việt Nam, kết hợp cùng DJ Tilo tạo nên màn trình diễn cực cháy, không thể bỏ lỡ",2026-06-05 22:00:00,2026-06-06 03:30:00,113 Queen St,Melbourne,Music,high-energy,91.31 AUD,https://cdn.evbuc.com/images/1183060091/1614174898533/1/original.20260426-120506,https://www.eventbrite.com.au/e/melbourne-friday-05062025-bray-vs-tilo-tickets-1988260521743,false,false
Spend the night with Chloe Poli and Pals,"A night with Chloe Poli and her closet artist pals, enjoy a night filled with acoustic sets and a wide range of songwriting topics.",2026-06-05 19:00:00,2026-06-05 23:00:00,Bard's Apothecary,Melbourne,Music,high-energy,25.66 AUD,https://cdn.evbuc.com/images/1180820399/2991724543329/1/original.20260327-085859,https://www.eventbrite.com/e/spend-the-night-with-chloe-poli-and-pals-tickets-1982857921420,false,false
Aria Live: Mid Year Editions,"This is the one. We’re taking over the iconic West Beach Pavilion, right on the water, for our Mid Year Editions.",2026-06-14 16:00:00,2026-06-14 21:00:00,West Beach Pavilion,Saint Kilda West,Music,high-energy,17.19 AUD,https://cdn.evbuc.com/images/1185395193/194423416391/1/original.20260525-233953,https://www.eventbrite.com.au/e/aria-live-mid-year-editions-tickets-1988795294262,false,false
CLASSIC DISNEY Trivia [MELB CENTRAL] at TGI Fridays,It’s an all-new trivia event!,2026-06-02 18:30:00,2026-06-02 20:30:00,TGI Fridays Melbourne Central,Melbourne,"Film, Media & Entertainment",free-cheap,Free,https://cdn.evbuc.com/images/1184902319/2584293477211/1/original.20260519-005714,https://www.eventbrite.com.au/e/classic-disney-trivia-melb-central-at-tgi-fridays-tickets-1979208884051,false,false
The New & Exciting EUPHORIA is back On SATURDAY  20th of June,Euphoria is back on a Saturday night with an inclusion of an RnB Room for the ultimate club night. Do not miss out !!,2026-06-20 21:30:00,2026-06-21 03:00:00,Royal Melbourne Hotel,Melbourne,Music,high-energy,22.49 AUD,https://cdn.evbuc.com/images/1182631393/881725009873/1/original.20260421-014512,https://www.eventbrite.com.au/e/the-new-exciting-euphoria-is-back-on-saturday-20th-of-june-tickets-1987873751904,false,false
Pizza e Pesto Masterclass,"Make pizza from scratch and create your own pesto in this fun hands-on masterclass at Plus 5 Bar. Prosecco, pizza, and pesto await!",2026-06-06 10:30:00,2026-06-06 12:30:00,Plus 5,South Wharf,Food & Drink,groups,103.58 AUD,https://cdn.evbuc.com/images/1179913159/544988572197/1/original.20250525-232307,https://www.eventbrite.com.au/e/pizza-e-pesto-masterclass-tickets-1985255862727,false,false
Your Daily Social: The Devil Wears Prada 2,Your Daily Social Join us at the Sun Theatre for The Devil Wears Prada 2. Ticket includes popcorn + a drink on arrival.,2026-05-29 18:00:00,2026-05-29 20:00:00,Sun Theatre,Yarraville,"Film, Media & Entertainment",,27.78 AUD,https://cdn.evbuc.com/images/1183869520/2081078142013/1/original.20260505-234429,https://www.eventbrite.com/e/your-daily-social-the-devil-wears-prada-2-tickets-1988879420887,false,false
Warm Winter Read Launch: Author Talk with Fiona Hardy,Join us as we launch the 2026 Warm Winter Read with a talk by crime writer Fiona Hardy.,2026-06-17 18:15:00,2026-06-17 19:30:00,Northcote Library,Northcote,Performing & Visual Arts,free-cheap,Free,https://cdn.evbuc.com/images/1179753797/1100975414113/1/original.20260313-041656,https://www.eventbrite.com.au/e/warm-winter-read-launch-author-talk-with-fiona-hardy-tickets-1985114173932,false,false
JNETT ARLEN BOOGS ANYO PRESENT NEW GUERNICA,IN THE YEAR 2026 THERE WILL BE HOUSE MUSIC ALL NIGHT LONG ON SUNDAY 7TH JUNE,2026-06-07 21:00:00,2026-06-08 04:00:00,New Guernica,Collingwood,Music,high-energy,22.49 AUD - 38.37 AUD,https://cdn.evbuc.com/images/1182740322/194452094744/1/original.20260422-020749,https://www.eventbrite.com.au/e/jnett-arlen-boogs-anyo-present-new-guernica-tickets-1987967886463,true,false
CLASSIC DISNEY Trivia [CHADSTONE] at TGI Fridays,It’s an all-new trivia event!,2026-06-02 18:30:00,2026-06-02 20:30:00,TGI Fridays Chadstone,Chadstone,"Film, Media & Entertainment",free-cheap,Free,https://cdn.evbuc.com/images/1184902286/2584293477211/1/original.20260519-005623,https://www.eventbrite.com.au/e/classic-disney-trivia-chadstone-at-tgi-fridays-tickets-1979208875024,false,false
A Sea of Flavour: Mediterranean Wine Dinner | Melbourne,Join Selector and Oceania Cruises to celebrate the incredible wine and food of the Mediterranean at Entrecôte!,2026-06-18 18:30:00,2026-06-18 22:30:00,Entrecôte,Prahran,Food & Drink,groups,189.00 AUD - 199.00 AUD,https://cdn.evbuc.com/images/1179079868/218950434045/1/original.20260305-035431,https://www.eventbrite.com.au/e/a-sea-of-flavour-mediterranean-wine-dinner-melbourne-tickets-1984524346743,false,false
Bed By 10pm Is Coming To Melbourne!,BACK BY POPULAR DEMAND! Bed By 10: The Ultimate 30+ Clubbing Experience!,2026-06-06 16:00:00,2026-06-06 21:00:00,Chasers Nightclub,South Yarra,Music,high-energy,48.96 AUD - 54.26 AUD,https://cdn.evbuc.com/images/1178581885/2550823234151/1/original.20260227-032017,https://www.eventbrite.co.uk/e/bed-by-10pm-is-coming-to-melbourne-tickets-1984098391700,false,false
Big Freeze @ Brewmanity,"❄️ Big Freeze @ Brewmanity is Back Get ready for an afternoon of good beers, good vibes, and an even better cause.",2026-05-29 16:00:00,2026-05-29 20:00:00,Brewmanity,South Melbourne,Food & Drink,groups,54.26 AUD,https://cdn.evbuc.com/images/1183678966/2077730370513/1/original.20260504-050317,https://www.eventbrite.com.au/e/big-freeze-brewmanity-tickets-1988736394090,false,false
RNB BINGO X THE EMERSON – SOUTH YARRA,"RNB Bingo hits The Emerson, South Yarra – DJs, throwbacks, prizes & party vibes. Friday 12 June. Doors 7:30PM. 18+",2026-06-12 19:30:00,2026-06-13 00:00:00,The Emerson Rooftop Bar and Club,South Yarra,Music,high-energy,41.76 AUD,https://cdn.evbuc.com/images/1184774790/2992462682385/1/original.20260517-053555,https://www.eventbrite.com.au/e/rnb-bingo-x-the-emerson-south-yarra-tickets-1988737443228,true,false
Tropicalia II,The heat is back... Tropicalia II is happening and you already know you need to be there.,2026-06-20 15:00:00,2026-06-21 01:00:00,Lady T - Tatiana bar,Cremorne,Music,high-energy,17.19 AUD - 27.78 AUD,https://cdn.evbuc.com/images/1180716499/2950047981351/1/original.20260326-004142,https://www.eventbrite.com/e/tropicalia-ii-tickets-1985887518025,false,false
《墨尔本vs悉尼双城脱口秀拼盘》之 墨尔本站,候场喜剧xRolling Donkey Comedy -- 悉尼和墨尔本终于要在线下“吵”起来了,2026-05-30 19:30:00,2026-05-30 21:30:00,Library at The Dock,Docklands,Performing & Visual Arts,low-key,28.00 AUD - 48.00 AUD,https://cdn.evbuc.com/images/1184358009/1908843963573/1/original.20260512-014450,https://www.eventbrite.com.au/e/vs-tickets-1989225672535,false,false
Supper Club - Melbourne,Join Club Sup at Elio's Place in the CBD for at supper to make new friends and connections.,2026-06-16 18:30:00,2026-06-16 21:30:00,Elio’s Place,Melbourne,Food & Drink,groups,120.89 AUD,https://cdn.evbuc.com/images/1184913391/2160031684983/1/original.20240624-233253,https://www.eventbrite.com.au/e/supper-club-melbourne-tickets-1989888871180,false,false
PROM! Alt-Femme Disco at Yah Yah's! FRI JUNE 12,Let's Make It Prom Night Forever!,2026-06-12 21:00:00,2026-06-13 05:00:00,Yah Yahs,Fitzroy,Music,high-energy,0.00 AUD - 20.00 AUD,https://cdn.evbuc.com/images/1184468800/193580392243/1/original.20260513-041242,https://www.eventbrite.com.au/e/prom-alt-femme-disco-at-yah-yahs-fri-june-12-tickets-1989357533936,false,false
jib at The Retreat Hotel w/ Kite Vendor + Refugia,"oh yeah! jib returns to the retreat - as a full six-piece folk rock band. sax, violin, you name it.",2026-05-30 19:30:00,2026-05-30 23:00:00,280 Sydney Rd,Brunswick,Music,high-energy,15.68 AUD - 17.95 AUD,https://cdn.evbuc.com/images/1182939357/269393680231/1/original.20260424-052839,https://www.eventbrite.com.au/e/jib-at-the-retreat-hotel-w-kite-vendor-refugia-tickets-1988146218860,false,false
Gabber @ Gummo,!!!!!! GABBER SPEEDCORE HARDCORE !!!!!! !!!!!! HARDER FASTER LOUDER !!!!!!! The party you have been waiting for is HERE.,2026-05-29 21:00:00,2026-05-30 01:00:00,Cafe Gummo,Thornbury,Music,high-energy,17.19 AUD,https://cdn.evbuc.com/images/1181487804/257275998095/1/original.20260406-044203,https://www.eventbrite.com.au/e/gabber-gummo-tickets-1986788391562,false,false
LANGUISHING: an interdisciplinary showcase,"Join us to witness a collision of visual art, music, and dance at Honey Bones Gallery in Brunswick!",2026-06-02 19:30:00,2026-06-02 20:30:00,HONEY BONES Gallery,Brunswick,Performing & Visual Arts,low-key,6.61 AUD,https://cdn.evbuc.com/images/1184823795/2000141393103/1/original.20260518-071850,https://www.eventbrite.com.au/e/languishing-an-interdisciplinary-showcase-tickets-1989806081554,false,false
MIDWEST EMO NIGHT MELBOURNE,DJs spinning your favourite Midwest Emo,2026-06-07 20:00:00,2026-06-07 23:00:00,Deluxe Bar,Moonee Ponds,Music,high-energy,0.00 AUD - 21.59 AUD,https://cdn.evbuc.com/images/1181621094/2987936667514/1/original.20260407-182627,https://www.eventbrite.com.au/e/midwest-emo-night-melbourne-tickets-1986919992183,false,false
Wine Glass Paint & Sip | Melbourne Working Holiday Girls,Paint your own wine glasses & make new friends!,2026-06-12 18:00:00,2026-06-12 21:00:00,Westside Ale Works,South Melbourne,Food & Drink,groups,33.08 AUD - 38.37 AUD,https://cdn.evbuc.com/images/1183997273/218798840265/1/original.20260507-085233,https://www.eventbrite.com.au/e/wine-glass-paint-sip-melbourne-working-holiday-girls-tickets-1988980694800,false,false
Eaglemont Music Club: Mel Taylor & Andy McGarvie,A beautiful night of live music in the heart of Eaglemont,2026-05-30 20:00:00,2026-05-30 22:00:00,Eaglemont Cellars and Bar,Eaglemont,Music,high-energy,17.19 AUD,https://cdn.evbuc.com/images/1181351330/559858113443/1/original.20260403-043333,https://www.eventbrite.com.au/e/eaglemont-music-club-mel-taylor-andy-mcgarvie-tickets-1986602472473,false,false
OASIS Club X Electric Dreams - Kings Bday Long Weekend,Melbournes favourite Mediterranean party is back for One Night Only!,2026-06-06 21:00:00,2026-06-07 03:00:00,Electric Dreams,Melbourne,Music,high-energy,14.39 AUD - 37.95 AUD,https://cdn.evbuc.com/images/1182192076/256828669562/1/original.20260415-005947,https://www.eventbrite.com.au/e/oasis-club-x-electric-dreams-kings-bday-long-weekend-tickets-1987468535892,false,false
Electric & Sundara presents Edd Fisher [KINGS BIRTHDAY EVE],Electric & Sundara welcomes EDD FISHER (Wax'o Paradiso) this King's Birthday Eve.,2026-06-07 20:00:00,2026-06-08 03:00:00,Electric Bar,Prahran,Music,high-energy,27.78 AUD - 38.37 AUD,https://cdn.evbuc.com/images/1185095276/1331316906283/1/original.20260521-010830,https://www.eventbrite.com.au/e/electric-sundara-presents-edd-fisher-kings-birthday-eve-tickets-1990057134460,false,false
Fur Oil Painting Masterclass with Janice Gobey,Learn the secrets to painting realistic fur in oils with Melbourne artist Janice Gobey,2026-05-30 13:00:00,2026-05-30 16:00:00,Linden New Art,St Kilda,Performing & Visual Arts,low-key,202.50 AUD - 223.67 AUD,https://cdn.evbuc.com/images/1182013376/43012885216/1/original.20260413-085537,https://www.eventbrite.com.au/e/fur-oil-painting-masterclass-with-janice-gobey-tickets-1987301227468,false,false
GILMORE GIRLS Trivia [MELB CENTRAL] at TGI Fridays,It’s an all-new trivia event!,2026-06-16 18:30:00,2026-06-16 20:30:00,TGI Fridays Melbourne Central,Melbourne,"Film, Media & Entertainment",free-cheap,Free,https://cdn.evbuc.com/images/1184917185/2584293477211/1/original.20260519-071722,https://www.eventbrite.com.au/e/gilmore-girls-trivia-melb-central-at-tgi-fridays-tickets-1979209104711,false,false
How to take better photos (with your phone),Learn how to take photos meaningfully in this session focusing on the craft of taking a great photo with your phone.,2026-06-25 18:30:00,2026-06-25 19:30:00,Altona Meadows Library and Learning Centre,Altona Meadows,Performing & Visual Arts,free-cheap,Free,https://cdn.evbuc.com/images/1180428463/418661600387/1/original.20260322-222435,https://www.eventbrite.com.au/e/how-to-take-better-photos-with-your-phone-tickets-1985681827800,false,false
Bachata & Salsa at OYE FERIADO - Sun 7th June King's Bday Eve @ Baroq House,Bachata & Salsa classes and social with Obsesión Latina at OYE FERIADO - Sunday 7th June King's Bday Eve @ Baroq House,2026-06-07 20:00:00,2026-06-08 03:00:00,BaroqHouse,Melbourne,Music,high-energy,11.90 AUD - 38.37 AUD,https://cdn.evbuc.com/images/1184245249/286913881115/1/original.20260510-183123,https://www.eventbrite.com.au/e/bachata-salsa-at-oye-feriado-sun-7th-june-kings-bday-eve-baroq-house-tickets-1989180986879,false,false
Udom House Latte art smackdown,Udom House’s 2nd coffee comp. Latte art smackdown. Classic patterns - wheel. Knock out style. CASH PRIZE $350,2026-05-31 18:00:00,2026-05-31 22:00:00,Udom House,West Melbourne,Food & Drink,groups,0.00 AUD - 20.00 AUD,https://cdn.evbuc.com/images/1184905969/1659392924433/1/original.20260519-021244,https://www.eventbrite.com/e/udom-house-latte-art-smackdown-tickets-1989879221317,false,false
LILITH'S VEGAN BUFFET,"Our own all you can eat buffet at Hail Lilith with a selection of hot, cold, fresh and sweet dishes!",2026-05-31 12:00:00,2026-05-31 16:30:00,Hail Lilith,Footscray,Food & Drink,groups,48.96 AUD,https://cdn.evbuc.com/images/1176637673/21181570310/1/original.20260204-031051,https://www.eventbrite.com/e/liliths-vegan-buffet-tickets-1989287440284,false,false
Eat The Beat Saturdays | May 30,Discounted Entry + Skip the Line with Online Tickets,2026-05-30 22:00:00,2026-05-31 05:00:00,Il Mercato Centrale Melbourne,Melbourne,Food & Drink,groups,20.00 AUD - 1393.63 AUD,https://cdn.evbuc.com/images/1184367359/172745631726/1/original.20260512-051722,https://www.eventbrite.com.au/e/eat-the-beat-saturdays-may-30-tickets-1989272587860,false,false
For Your Eyes Only,JAMES BOND RETURNS TO MELBOURNE! Celebrate the 45th anniversary of Roger Moore's James Bond outing FOR YOUR EYES ONLY (M),2026-06-24 19:00:00,2026-06-24 21:07:00,Palace Cinemas Penny Lane,Moonee Ponds,"Film, Media & Entertainment",,26.00 AUD,https://cdn.evbuc.com/images/1181996736/1795586723923/1/original.20260413-002312,https://www.eventbrite.com.au/e/for-your-eyes-only-tickets-1987283480386,false,false
EMO NEVER SLEEPS: KING'S BIRTHDAY w/ BESTIES LIVE,you can't spell melbourne without it,2026-06-07 21:00:00,2026-06-08 04:00:00,Royal Melbourne Hotel,Melbourne,Music,high-energy,17.19 AUD - 35.00 AUD,https://cdn.evbuc.com/images/1184924139/2740193954531/1/original.20260519-093413,https://www.eventbrite.com.au/e/emo-never-sleeps-kings-birthday-w-besties-live-tickets-1989899087738,false,false
Jhumka Beats: Bollywood Night,Jhumka Beats: Bollywood Night and Bhangra Vibes,2026-06-06 21:00:00,2026-06-07 04:00:00,Club Pandora,South Melbourne,Music,high-energy,29.89 AUD - 38.37 AUD,https://cdn.evbuc.com/images/1185014871/3002322834662/1/original.20260520-072448,https://www.eventbrite.com.au/e/jhumka-beats-bollywood-night-tickets-1989978737974,false,false
Tableaux by Gerard O'Connor - Gallery Exhibition Opening,You’re invited to the opening night of new Pride Gallery exhibition Tableaux by Gerard O'Connor,2026-06-10 18:30:00,2026-06-10 20:30:00,"Pride Gallery, Victorian Pride Centre",St Kilda,Performing & Visual Arts,free-cheap,Free,https://cdn.evbuc.com/images/1185194673/1476519337843/1/original.20260522-050540,https://www.eventbrite.com.au/e/tableaux-by-gerard-oconnor-gallery-exhibition-opening-tickets-1988605727262,false,false
Beats Bingo at Gladstone Park Hotel,"Sing along, groove with your mates and win fantastic prizes throughout the night.",2026-06-09 18:30:00,2026-06-09 20:30:00,Gladstone Park Hotel,Gladstone Park,Music,free-cheap,Free,https://cdn.evbuc.com/images/1179550785/1438625414273/1/original.20260311-022211,https://www.eventbrite.com/e/beats-bingo-at-gladstone-park-hotel-tickets-1984939906694,false,false
GILMORE GIRLS Trivia [CHADSTONE] at TGI Fridays,It’s an all-new trivia event!,2026-06-16 18:30:00,2026-06-16 20:30:00,TGI Fridays Chadstone,Chadstone,"Film, Media & Entertainment",free-cheap,Free,https://cdn.evbuc.com/images/1184917144/2584293477211/1/original.20260519-071647,https://www.eventbrite.com.au/e/gilmore-girls-trivia-chadstone-at-tgi-fridays-tickets-1979209095684,false,false
MAC MILLER ON REPEAT MELBOURNE,100% MAC MILLER ALL NIGHT LONG!,2026-06-20 20:00:00,2026-06-20 23:00:00,Deluxe Bar,Moonee Ponds,Music,high-energy,6.14 AUD - 31.89 AUD,https://cdn.evbuc.com/images/1179622823/2983338379246/1/original.20260311-192640,https://www.eventbrite.com.au/e/mac-miller-on-repeat-melbourne-registration-1984992774824,false,false
"SPIRIT SALE EDIT 2026- EOFY SHOPPING EXHIBITION, MELBOURNE","EOFY deals on everything cool at the Spirit Sale Edit, Melbourne’s top shopping bash! Massive Discounts|EOFY Bundles|BOGO Deals",2026-06-14 10:00:00,2026-06-14 19:00:00,Crest on Barkly,St Kilda,Fashion & Beauty,free-cheap,Free,https://cdn.evbuc.com/images/1185408584/1394008658003/1/original.20260526-051058,https://www.eventbrite.com.au/e/spirit-sale-edit-2026-eofy-shopping-exhibition-melbourne-tickets-1989441273403,false,false
HORNY KARAOKE at Evie's Disco Diner,"Sexpression favourite HORNY KARAOKE returns for 2026! Join us at Evie's Disco Diner for free drinks, fab vibes, and the horniest of prizes.",2026-05-28 19:30:00,2026-05-28 23:59:00,Evies Disco Diner,Fitzroy,Music,high-energy,10.00 AUD,https://cdn.evbuc.com/images/1184096915/325521709279/1/original.20260508-074002,https://www.eventbrite.com.au/e/horny-karaoke-at-evies-disco-diner-tickets-1989079533429,false,false
The Upstairs Pour with Six-Eyed Scorpion,"Welcome winter with fire, spice, and soul.",2026-06-11 18:30:00,2026-06-11 21:00:00,1 Hotel Melbourne,Docklands,Food & Drink,groups,85.00 AUD,https://cdn.evbuc.com/images/1183667289/2868318733511/1/original.20260504-002545,https://www.eventbrite.com/e/the-upstairs-pour-with-six-eyed-scorpion-tickets-1988735177451,false,false
"Bollywood BIG BANG FT. DJ AZIZ at Decibles, Melbourne",Decibles presents Exclusive Bollywood Night Feat DJ Aziz At Inflation Nightclub on 13th June.,2026-06-13 22:00:00,2026-06-14 03:00:00,Decibles Nightclub,Melbourne,Music,high-energy,27.19 AUD - 836.29 AUD,https://cdn.evbuc.com/images/1183303159/268079529119/1/original.20260429-063714,https://www.eventbrite.com.au/e/bollywood-big-bang-ft-dj-aziz-at-decibles-melbourne-tickets-1988461345412,false,false
Melbourne Vibes: Urban Street Art & Music Festival,"Dive into Melbourne Vibes for epic street art, live beats, and good times all day long!",2026-06-19 10:00:00,2026-06-21 19:00:00,Hoddle Street,Abbotsford,Performing & Visual Arts,free-cheap,Free,https://cdn.evbuc.com/images/1183070720/3000058104753/1/original.png,https://www.eventbrite.com/e/melbourne-vibes-urban-street-art-music-festival-tickets-1988275966940,false,false
LIVE NIGHT AT ACIDITY. BAR | JAZZ TRIO LIVE GIG,Chill vibes and smooth jazz beats at Acidity Bar—come hang and catch the live trio gig tonight!,2026-05-30 19:30:00,2026-05-30 21:30:00,3/240 Victoria St,Richmond,Music,free-cheap,Free,https://cdn.evbuc.com/images/1184746604/2992264088894/1/original.20260516-133034,https://www.eventbrite.com/e/live-night-at-acidity-bar-jazz-trio-live-gig-tickets-1989745393033,false,false
Sake Master class: Discover the Character of Sake Rice,"Not just a sake master class. This event explores the role of sake rice. Discover how rice shapes flavour, texture, and character.",2026-06-16 19:00:00,2026-06-16 21:00:00,177 Brunswick St,Fitzroy,Food & Drink,groups,138.97 AUD - 154.85 AUD,https://cdn.evbuc.com/images/1183999230/1115019982693/1/original.20260507-092856,https://www.eventbrite.com.au/e/sake-master-class-discover-the-character-of-sake-rice-tickets-1988657714758,false,false
PANIC! Emo/Pop-punk Party FRI JUNE 5th,Join us for an emo / pop punk / nu metal party til death!,2026-06-05 21:00:00,2026-06-06 05:00:00,Yah Yahs,Fitzroy,Music,high-energy,0.00 AUD - 20.00 AUD,https://cdn.evbuc.com/images/1184911786/193580392243/1/original.20260519-042126,https://www.eventbrite.com.au/e/panic-emopop-punk-party-fri-june-5th-tickets-1989886416839,false,false
EKHAYA FT DJ TSHEGU LIVE IN MELBOURNE,"Get ready Melbourne, EKHAYA FT DJ TSHEGU is bringing the vibes live and loud, don’t miss out!",2026-06-06 22:00:00,2026-06-06 23:30:00,Bourke Street Courtyard,Melbourne,Music,high-energy,33.00 AUD,https://cdn.evbuc.com/images/1179669621/303784902330/1/original.20260312-095930,https://www.eventbrite.com.au/e/ekhaya-ft-dj-tshegu-live-in-melbourne-tickets-1984705077313,false,false
Gambino X Outlines King's Birthday Eve,"Sunday night, rooftop energy, and no Monday alarm - Outlines returns to Gambino for King’s Birthday Eve.",2026-06-07 17:00:00,2026-06-07 23:00:00,Gambino Restaurant & Rooftop,Glen Waverley,Music,high-energy,24.61 AUD - 2119.01 AUD,https://cdn.evbuc.com/images/1184459128/2997099955651/1/original.20260513-010424,https://www.eventbrite.com/e/gambino-x-outlines-kings-birthday-eve-tickets-1989298861445,false,false
TomorrowFest Opening Night @ ACMI + Miscellania,Come join us at ACMI for opening night of the TomorrowFest Media Festival,2026-06-02 18:00:00,2026-06-02 20:30:00,ACMI,Melbourne,"Film, Media & Entertainment",,14.01 AUD - 20.37 AUD,https://cdn.evbuc.com/images/1184284508/2996607338300/1/original.20260511-113109,https://www.eventbrite.com.au/e/tomorrowfest-opening-night-acmi-miscellania-tickets-1989189895525,true,false
"Bollywood Club Presents P-POP at Crown, Melbourne","Bollywood Club Presents P-POP at Crown, Melbourne",2026-05-29 21:30:00,2026-05-30 03:30:00,Crown Melbourne,Southbank,Music,high-energy,22.26 AUD - 2213.54 AUD,https://cdn.evbuc.com/images/1183415317/99150026607/1/original.20260430-095345,https://www.eventbrite.com.au/e/bollywood-club-presents-p-pop-at-crown-melbourne-tickets-1987604206687,false,false
"One Sitting, Big Colour: Hockney-Style Alla Prima Watercolour","Join us for a fun, vibrant session painting bold watercolours Alla Prima Hockney in one awesome sitting!",2026-06-07 10:00:00,2026-06-07 12:00:00,"Melbourne Central ""The Between"" Skybridge https://maps.app.goo.gl/JAhHg44rDVJyszzD6",melbourne,Performing & Visual Arts,low-key,23.54 AUD - 45.78 AUD,https://cdn.evbuc.com/images/1171690466/23102767204/1/original.20251125-003112,https://www.eventbrite.com.au/e/one-sitting-big-colour-hockney-style-alla-prima-watercolour-tickets-1975364767194,false,false
Club lotus hosted 031CHOPPA,MELBOURNE GET READY TO SEP!,2026-06-06 22:00:00,2026-06-07 04:00:00,BaroqHouse,Melbourne,Music,high-energy,27.78 AUD - 54.26 AUD,https://cdn.evbuc.com/images/1183307454/759723425303/1/original.20260429-081404,https://www.eventbrite.com.au/e/club-lotus-hosted-031choppa-tickets-1988464437661,false,false
SECRET LOCATIONS - DREAMSTATE feat. NICK DEPTH LIVE!,"Experience the dark side of Progressive House! Secret Locations & Nick Depth launch ""Dreamstate""@Nevermind. Free entry-Sat.Kings B'Day Wkend",2026-06-06 19:00:00,2026-06-06 23:30:00,Nevermind Bar,Hawthorn,Music,free-cheap,Free,https://cdn.evbuc.com/images/1184173067/2022197180393/1/original.20260509-030045,https://www.eventbrite.com/e/secret-locations-dreamstate-feat-nick-depth-live-tickets-1989129298277,false,false
‍☠️Melbourne: Pirate Documentary Tour‍☠️,"Rubber Ammo presents‍☠️PIRATES OF THE MALACCA STRAIT‍☠️, a documentary investigating how black magic wielding pirates affect our world.",2026-06-04 18:00:00,2026-06-04 20:30:00,Cinema Nova,Carlton,"Film, Media & Entertainment",,27.78 AUD,https://cdn.evbuc.com/images/1183097423/146489205363/1/original.20260427-051650,https://www.eventbrite.com.au/e/melbourne-pirate-documentary-tour-tickets-1988291228588,false,false
Drag Bingo at Urban Alley Chadstone,"Join us for Drag Bingo at Urban Alley Chadstone hosted by Ellectra Kute, and Esther RIX, and presented by Dragged To Events.",2026-06-19 19:30:00,2026-06-19 20:30:00,Urban Alley Brewery Chadstone,Chadstone,Performing & Visual Arts,low-key,33.08 AUD,https://cdn.evbuc.com/images/1184464890/1958993449733/1/original.20260513-023950,https://www.eventbrite.com.au/e/drag-bingo-at-urban-alley-chadstone-tickets-1989070930698,false,false
Northcote Park FNC Boiler Room,"Northcote Park present 2026 Boiler Room. Saturday 13th June @ Bill Lawry Oval. Drink, Party & Dance 7:00pm - 12:00am.",2026-06-13 19:00:00,2026-06-14 00:00:00,Bill Lawry Oval,Northcote,Music,high-energy,15.08 AUD,https://cdn.evbuc.com/images/1184932946/287552800461/1/original.20260519-120012,https://www.eventbrite.com.au/e/northcote-park-fnc-boiler-room-tickets-1989772158088,false,false
"Kings & Queens Singles Party at Matthew Flinders Hotel, Chadstone!","Singles of Melbourne you're invited to our MEGA Kings & Queens Singles Party at Matthew Flinders Hotel, Chadstone, Sunday 7th June!",2026-06-07 21:00:00,2026-06-08 03:00:00,667 Warrigal Rd,Chadstone,Music,high-energy,28.98 AUD,https://cdn.evbuc.com/images/1182500127/623080755563/1/original.20260419-090432,https://www.eventbrite.com.au/e/kings-queens-singles-party-at-matthew-flinders-hotel-chadstone-tickets-1987769688648,false,false
Hawkers Brewery Vintage Beer Session & Tasting,"Join us with Hawkers Brewery at the Captain Melville for a chilled vintage beer session and tasting—sip, savor, and vibe!",2026-05-29 18:30:00,2026-05-29 22:00:00,Captain Melville,Melbourne,Food & Drink,groups,43.66 AUD,https://cdn.evbuc.com/images/1184270073/3001627503176/1/original.20260511-063452,https://www.eventbrite.com/e/hawkers-brewery-vintage-beer-session-tasting-tickets-1989193885459,false,false
Art Jam Session  (Pizza Night),"Artdecypher Art Jam Sessions are hosted at The Corner Studio in West Footscray. Inspire and be inspired, sharing creative energy is fun!",2026-05-27 18:00:00,2026-05-27 20:30:00,The Corner Studio,West Footscray,Performing & Visual Arts,low-key,5.00 AUD,https://cdn.evbuc.com/images/1183576326/1487550730813/1/original.20260502-060919,https://www.eventbrite.com.au/e/art-jam-session-pizza-night-tickets-1988665791917,false,false
MANGO CLUB | 05.06.26 | KINGS BIRTHDAY LONG WKND | PLATFORM 1 NIGHTCLUB,ANNOUNCEMENT: Mango Club returns this June 5th for One Night Only,2026-06-05 21:30:00,2026-06-06 05:00:00,Platform One,Melbourne,Music,high-energy,16.97 AUD - 32.84 AUD,https://cdn.evbuc.com/images/1185018003/2561832372421/1/original.20260520-084009,https://www.eventbrite.com.au/e/mango-club-050626-kings-birthday-long-wknd-platform-1-nightclub-tickets-1989980639662,false,false
Apolline at The Retreat Hotel Brunswick w/ Special Guests,Join Apolline for an evening of foot-stomping contemporary celtic tunes and emotionally immersive songs on June 9th at the Retreat!,2026-06-09 19:00:00,2026-06-09 22:30:00,280 Sydney Rd,Brunswick,Music,high-energy,23.64 AUD - 25.92 AUD,https://cdn.evbuc.com/images/1184660869/269393680231/1/original.20260515-052401,https://www.eventbrite.com.au/e/apolline-at-the-retreat-hotel-brunswick-w-special-guests-tickets-1989632854427,false,false
"ROMULUS Salon - For Artists, Designers, and Creative Practitioners","Romulus Folio Gallery invites you to the launch of Romulus Salon, a facilitated gathering for artists and creative practitioners.",2026-05-28 17:00:00,2026-05-28 19:00:00,15-85 Gladstone St,South Melbourne,Performing & Visual Arts,free-cheap,Free,https://cdn.evbuc.com/images/1177254641/33239689403/1/original.20260211-075950,https://www.eventbrite.com.au/e/romulus-salon-for-artists-designers-and-creative-practitioners-tickets-1982863994585,false,false
JUICE WRLD ON REPEAT MELBOURNE,"Sad songs, 999 vibes, and tears you can’t fight. Come celebrate Juice WRLD. Playing Juice WRLD alSad songs, 999 vibes, and tearl night long",2026-06-20 23:59:00,2026-06-21 03:00:00,Deluxe Bar,Moonee Ponds,Music,high-energy,0.00 AUD - 21.59 AUD,https://cdn.evbuc.com/images/1178214264/2987936667514/1/original.20260223-165005,https://www.eventbrite.com.au/e/juice-wrld-on-repeat-melbourne-registration-1983786949167,false,false
The Paperback Bookshop x Eclipse Cinema: Whit Stillman 3 Movie Pass,"3 for 2. A triple movie pass for screenings of Whit Stillman's Metropolis, Barcelona, and The Last Days of Disco.",2026-06-23 18:00:00,2026-06-23 20:00:00,Eclipse Cinema,Collingwood,"Film, Media & Entertainment",,30.00 AUD,https://cdn.evbuc.com/images/1119527213/1633988751373/1/original.20250910-014502,https://www.eventbrite.com.au/e/the-paperback-bookshop-x-eclipse-cinema-whit-stillman-3-movie-pass-tickets-1989768197241,false,false
INTIMATE LIVE | SOUND SAMPLE '26 AT ACIDITY,"Get ready for a chill night of fresh sounds and good vibes at Sound Sample '26, where the beats keep it real and intimate.",2026-06-13 19:00:00,2026-06-13 22:00:00,3/240 Victoria St,Richmond,Music,high-energy,17.19 AUD,https://cdn.evbuc.com/images/1185042342/2992264088894/1/original.20260520-144506,https://www.eventbrite.com/e/intimate-live-sound-sample-26-at-acidity-tickets-1990004504041,false,false
CLASSIC DISNEY Trivia [SOUTHLAND] at TGI Fridays,It’s an all-new trivia event!,2026-06-02 18:30:00,2026-06-02 20:30:00,TGI Fridays Southland,Cheltenham,"Film, Media & Entertainment",free-cheap,Free,https://cdn.evbuc.com/images/1184902334/2584293477211/1/original.20260519-005735,https://www.eventbrite.com.au/e/classic-disney-trivia-southland-at-tgi-fridays-tickets-1979208887060,false,false
The Paperback Salon Reading Party,"In June, we're excited to be hosting a reading party to celebrate the release of Andrés Barba's new novel, Last Day of a Prior Life.",2026-06-02 18:00:00,2026-06-02 19:00:00,Bard's Apothecary,Melbourne,Performing & Visual Arts,free-cheap,Free,https://cdn.evbuc.com/images/1184259266/1633988751373/1/original.20260511-005343,https://www.eventbrite.com.au/e/the-paperback-salon-reading-party-tickets-1989189751093,false,false
Melbourne Warehouse Sale - 20+ Local Brands!,One day only. Under one roof. Endless deals ️✨ ️,2026-05-31 09:00:00,2026-05-31 13:00:00,CLIK Collective Moorabbin,Moorabbin,Fashion & Beauty,free-cheap,Free,https://cdn.evbuc.com/images/1185091406/1184615786833/1/original.20260520-235723,https://www.eventbrite.com/e/melbourne-warehouse-sale-20-local-brands-tickets-1989634538464,false,false
Cinema Yarra: Scattered People (2021),Celebrate Refugee Week with a FREE film screening at Collingwood Library.,2026-06-18 13:00:00,2026-06-18 15:00:00,Collingwood Library,Abbotsford,"Film, Media & Entertainment",free-cheap,Free,https://cdn.evbuc.com/images/1180294685/122619786905/1/original.20260320-034430,https://www.eventbrite.com.au/e/cinema-yarra-scattered-people-2021-tickets-1985556357515,false,false
BOOHLE FT EKHAYA LIVE IN MELBOURNE,"Get ready Melbourne, Boohle and Ekhaya are hitting the stage for a wild live show you don’t wanna miss!",2026-06-07 22:00:00,2026-06-08 03:00:00,The George on Collins,Melbourne,Music,high-energy,38.27 AUD - 54.08 AUD,https://cdn.evbuc.com/images/1185189970/303784902330/1/original.20260522-024953,https://www.eventbrite.com.au/e/boohle-ft-ekhaya-live-in-melbourne-tickets-1990147619102,false,false
"Bollywood Club Presents BOLLY AFRO at Crown, Melbourne","Bollywood Club Presents BOLLY AFRO at Crown, Melbourne",2026-06-05 21:30:00,2026-06-06 03:30:00,Crown Melbourne,Southbank,Music,high-energy,22.26 AUD - 2213.54 AUD,https://cdn.evbuc.com/images/1185127591/99150026607/1/original.20260521-125914,https://www.eventbrite.com.au/e/bollywood-club-presents-bolly-afro-at-crown-melbourne-tickets-1988813883864,false,false
WWB x HM GIN Tasting Event,Spend an evening with local gin maker Amy Shaw as she guides you through four of HM Gin's range.,2026-06-17 19:00:00,2026-06-17 21:00:00,Watsonia Wine Bar,Watsonia,Food & Drink,groups,38.37 AUD,https://cdn.evbuc.com/images/1182648737/1218148534383/1/original.20260421-084949,https://www.eventbrite.com.au/e/wwb-x-hm-gin-tasting-event-tickets-1987893035582,false,false
Special morning movie club screening - National Reconciliation Week,"A heartfelt documentary following a bright 10-year-old Arrernte/Garrwa boy, Dujuan, navigating his traditional upbringing in Australia.",2026-05-27 10:00:00,2026-05-27 12:30:00,Altona Library,Altona,"Film, Media & Entertainment",free-cheap,Free,https://cdn.evbuc.com/images/1183665573/418661600387/1/original.20260503-234647,https://www.eventbrite.com.au/e/special-morning-movie-club-screening-national-reconciliation-week-tickets-1988733349985,false,false
K-Pop Takeover Is Coming To Melbourne!,"Get ready for the loudest, brightest, most high-energy K-Pop party the city has ever seen.",2026-06-20 13:00:00,2026-06-20 17:00:00,Chasers Nightclub,South Yarra,Music,high-energy,33.08 AUD - 48.96 AUD,https://cdn.evbuc.com/images/1182565390/2550823234151/1/original.20260420-135625,https://www.eventbrite.co.uk/e/k-pop-takeover-is-coming-to-melbourne-tickets-1987831346067,false,false
The Scotch Malt Whisky Society Masterclass | Presented by Matt Bailey,Explore rare and uncompromising SMWS whiskies with Matt Bailey at CWC. Not designed for beginners.,2026-05-29 19:00:00,2026-05-29 20:30:00,766 Burke Rd,Camberwell,Food & Drink,groups,75.00 AUD,https://cdn.evbuc.com/images/1184115412/2947105779101/1/original.20260508-125210,https://www.eventbrite.com.au/e/the-scotch-malt-whisky-society-masterclass-presented-by-matt-bailey-tickets-1989092697804,false,false
June 20 | Kismetrix Elegant Singles Night @ Valhalla Bar - Melbourne CBD,"Elegant underground singles night at Valhalla. Curated guests, real conversation, refined energy. No apps. No pressure.",2026-06-20 19:00:00,2026-06-20 22:00:00,"Valhalla Bar (Basement, Olderfleet Building)",Melbourne,Food & Drink,groups,43.66 AUD - 48.96 AUD,https://cdn.evbuc.com/images/1184585816/3001561174100/1/original.20260514-111630,https://www.eventbrite.com.au/e/june-20-kismetrix-elegant-singles-night-valhalla-bar-melbourne-cbd-tickets-1989538049864,false,false
Queer Heirlooms - A Big Queer show,Join us for our annual BIG QUEER SHOW with our friends Queer Love Collective! Free entry event!!,2026-06-06 17:00:00,2026-06-06 21:00:00,55 Edward St,Brunswick,Performing & Visual Arts,low-key,0.00 AUD,https://cdn.evbuc.com/images/1185003398/1245228002993/1/original.20260520-022302,https://www.eventbrite.com/e/queer-heirlooms-a-big-queer-show-tickets-1989967232561,false,false
Jailhouse Concert featuring Garry Allen Blues Band & Suzie So Blue,"One night, two unforgettable bands, and a kaleidoscope of blues, alt-country and soul, in one of Melbourne’s most atmospheric rooms!",2026-06-20 18:45:00,2026-06-20 22:00:00,Kew Court House,Kew,Music,high-energy,29.00 AUD,https://cdn.evbuc.com/images/1171363956/2346828221333/1/original.20251119-202314,https://www.eventbrite.com.au/e/jailhouse-concert-featuring-garry-allen-blues-band-suzie-so-blue-tickets-1974934131150,false,false
MSDx: In the Making - Opening Party,Celebrate the future of design,2026-06-25 17:45:00,2026-06-25 21:00:00,Glyn Davis Building (MSD),Parkville,Music,free-cheap,Free,https://cdn.evbuc.com/images/1183183103/40535548404/1/original.20260428-013332,https://www.eventbrite.com.au/e/msdx-in-the-making-opening-party-tickets-1988369549849,false,false
Fine & Good: Life Drawing at The Brunswick Green,Drop-In Life Drawing – No experience necessary and all skill levels welcome.,2026-05-31 19:00:00,2026-05-31 21:00:00,The Brunswick Green,Brunswick,Performing & Visual Arts,low-key,30.00 AUD - 40.00 AUD,https://cdn.evbuc.com/images/1184264479/168500545687/1/original.20260511-032331,https://www.eventbrite.com.au/e/fine-good-life-drawing-at-the-brunswick-green-tickets-1989769999632,false,false
No Skips: A Listening Party,"Join us as we listen to Miles Davis's masterpiece, 'Kind of Blue' together.",2026-06-01 18:00:00,2026-06-01 19:30:00,The Moat,Melbourne,Music,high-energy,11.90 AUD,https://cdn.evbuc.com/images/1184377839/194532621513/1/original.20260512-092528,https://www.eventbrite.com/e/no-skips-a-listening-party-tickets-1989294135309,false,false
Beneath Her Layers,Beneath Her Layers is a 3-hour immersive experience for those ready to meet themselves more honestly and be seen in that truth.,2026-06-20 16:00:00,2026-06-20 19:00:00,Bay Street,Brighton,Performing & Visual Arts,low-key,80.00 AUD,https://cdn.evbuc.com/images/1182640421/303713818200/1/original.20260421-051703,https://www.eventbrite.com.au/e/beneath-her-layers-tickets-1987880082840,false,false
TGIF! with Charlie Pickering (June 12),"TGIF! - Thank God It’s Friday! A weekly comedy radio show, recapping the week with some of Australia's best comedians",2026-06-12 16:30:00,2026-06-12 18:00:00,120 Southbank Blvd,Southbank,Performing & Visual Arts,free-cheap,Free,https://cdn.evbuc.com/images/935114043/1635972893823/1/original.20250114-080203,https://www.eventbrite.com/e/tgif-with-charlie-pickering-june-12-tickets-1989965777208,false,false
BELLA FIOR 'Dirty Bones' Single Launch,Join BELLA FIOR on June 11th at The Retreat Hotel Brunswick to celebrate the release of her debut single 'Dirty Bones'!,2026-06-11 19:00:00,2026-06-11 23:00:00,280 Sydney Rd,Brunswick,Music,high-energy,15.68 AUD - 17.95 AUD,https://cdn.evbuc.com/images/1184090941/269393680231/1/original.20260508-044751,https://www.eventbrite.com.au/e/bella-fior-dirty-bones-single-launch-tickets-1989070497402,false,false
ConfiDance - Latina Foreva (Dance Class),"Coachella vibes, sensual moves & confidence! Book your spot now & unleash your power ;)",2026-05-30 11:00:00,2026-05-30 12:00:00,Pulse Studios AU,Balaclava,Performing & Visual Arts,low-key,5.00 AUD - 9.99 AUD,https://cdn.evbuc.com/images/1183619159/494720550053/1/original.20260503-013922,https://www.eventbrite.com.au/e/confidance-latina-foreva-dance-class-tickets-1988696482714,false,false
Wodan's Oak: Live at Cross St Music Hall,A conceptual modern prog-jazz suite.,2026-06-12 19:30:00,2026-06-12 22:00:00,16-22 Cross St,Brunswick East,Music,high-energy,20.00 AUD - 25.00 AUD,https://cdn.evbuc.com/images/1184571915/298233397932/1/original.20260514-063348,https://www.eventbrite.com.au/e/wodans-oak-live-at-cross-st-music-hall-tickets-1989438632504,false,false
SWAMP EMO NIGHT MELBOURNE,DOB IN SOMEONE WITH SWAMP A*S FOR YOUR CHANCE TO WIN A VOUCHER OR PLUSH!,2026-06-07 22:00:00,2026-06-08 03:00:00,Deluxe Bar,Moonee Ponds,Music,high-energy,0.00 AUD - 21.59 AUD,https://cdn.evbuc.com/images/1185183189/2983338429596/1/original.20260522-002650,https://www.eventbrite.com.au/e/swamp-emo-night-melbourne-tickets-1989355060538,false,false
MELANIE MARTINEZ “HADES” PARTY MELBOURNE,DOB IN A DISNEY PRINCESS FOR YOUR CHANCE TO WIN A VOUCHER!,2026-06-07 20:00:00,2026-06-07 23:00:00,Deluxe Bar,Moonee Ponds,Music,high-energy,0.00 AUD - 21.59 AUD,https://cdn.evbuc.com/images/1184553134/2983335496205/1/original.20260513-232510,https://www.eventbrite.com.au/e/melanie-martinez-hades-party-melbourne-tickets-1989355575077,false,false
Queer Film Heaven - Cinema Nova,Dive into Queer Film Heaven at Cinema Nova for an epic night of rad stories and queer vibes!,2026-06-05 18:30:00,2026-06-05 20:30:00,Cinema Nova,Carlton,"Film, Media & Entertainment",,27.78 AUD - 52.14 AUD,https://cdn.evbuc.com/images/1184714989/3002245902883/1/original.20260515-195359,https://www.eventbrite.com/e/queer-film-heaven-cinema-nova-tickets-1989689197952,false,false
William Shakespeare's Tragedy of the Sith's Revenge,Thus great evil speaks its words in iambic pentameter.,2026-06-19 19:00:00,2026-06-19 21:30:00,Hotel Spencer Bar & Grill,West Melbourne,Performing & Visual Arts,free-cheap,Free,https://cdn.evbuc.com/images/1169713043/223420220050/1/original.20251104-020209,https://www.eventbrite.com.au/e/william-shakespeares-tragedy-of-the-siths-revenge-tickets-1957201344909,false,false
Latin Obsession - Bachata & Salsa + Kiz room Saturday 30th May,Latin Obsession - Bachata & Salsa & Kiz classes and party at The Space Dance & Arts Centre on Chapel St. Prahran,2026-05-30 19:00:00,2026-05-31 00:30:00,The Space Dance & Arts Centre,Prahran,Music,high-energy,17.19 AUD - 206.05 AUD,https://cdn.evbuc.com/images/1184630252/286913881115/1/original.20260514-200159,https://www.eventbrite.com.au/e/latin-obsession-bachata-salsa-kiz-room-saturday-30th-may-tickets-1988713924884,false,false
Eat The Beat Saturdays | June 6,ONLINE TICKETS NOW LIVE,2026-06-06 22:00:00,2026-06-07 05:00:00,Il Mercato Centrale Melbourne,Melbourne,Food & Drink,groups,27.29 AUD - 1393.63 AUD,https://cdn.evbuc.com/images/1185106424/172745631726/1/original.20260521-054135,https://www.eventbrite.com.au/e/eat-the-beat-saturdays-june-6-tickets-1990060445363,false,false
SATURDAY NIGHT PARTY AT YAH'S till 5AM JUNE 6,DJ's spinning all that good stuff 'til late!,2026-06-06 21:00:00,2026-06-07 05:00:00,Yah Yahs,Fitzroy,Music,high-energy,0.00 AUD - 20.00 AUD,https://cdn.evbuc.com/images/1184911976/193580392243/1/original.20260519-042515,https://www.eventbrite.com.au/e/saturday-night-party-at-yahs-till-5am-june-6-tickets-1989886580328,false,false
The Last Meal by Curtis Stone Events,"Indulge in a dining experience inspired by the final meals of infamous Australian prisoners, set within the haunting walls of the Gaol.",2026-06-18 18:30:00,2026-06-18 21:30:00,Old Melbourne Gaol,Melbourne,Food & Drink,groups,207.78 AUD,https://cdn.evbuc.com/images/1184471250/2964621335701/1/original.20260513-052520,https://www.eventbrite.com/e/the-last-meal-by-curtis-stone-events-tickets-1988606914814,false,false
CLASSIC DISNEY Trivia [EPPING] at TGI Fridays,It’s an all-new trivia event!,2026-06-02 18:30:00,2026-06-02 20:30:00,TGI Fridays Epping,Epping,"Film, Media & Entertainment",free-cheap,Free,https://cdn.evbuc.com/images/1184902296/2584293477211/1/original.20260519-005634,https://www.eventbrite.com.au/e/classic-disney-trivia-epping-at-tgi-fridays-tickets-1979208878033,false,false
A SHARED TABLE EVENING with KISHWAR CHOWDHURY,"Join us for a Shared Table evening of food, culture & storytelling with Kishwar Chowdhury celebrating her debut book Smoke, Rice, Water.",2026-06-25 17:00:00,2026-06-25 21:00:00,Old Durbar Brunswick – Best Nepalese & Indian Restaurant on Sydney Road,Brunswick,Food & Drink,groups,100.00 AUD,https://cdn.evbuc.com/images/1184929072/2405186358623/1/original.20260519-105400,https://www.eventbrite.com/e/a-shared-table-evening-with-kishwar-chowdhury-tickets-1989065264751,false,false
THE DANCE OF KALI SHIVA,"An evening Yoga, Mythology, Mantra and Dance!!! ""Dance of the Deities"" is a powerful ceremonial space to honour Deities within.",2026-06-21 15:15:00,2026-06-21 17:45:00,The Open Space,Abbotsford,Performing & Visual Arts,low-key,54.26 AUD - 80.72 AUD,https://cdn.evbuc.com/images/1183619469/498646265035/1/original.20260503-014539,https://www.eventbrite.com.au/e/the-dance-of-kali-shiva-tickets-1988696692341,false,false
Opening Celebrations - Nichola Roberts | The One Exhibition,Celebrate the opening exhibitions by Nichola Roberts and The One,2026-05-29 18:00:00,2026-05-29 20:00:00,Gallery Unbound,Northcote,Performing & Visual Arts,free-cheap,Free,https://cdn.evbuc.com/images/1077215313/2812959281101/1/original.20250720-053340,https://www.eventbrite.com.au/e/opening-celebrations-nichola-roberts-the-one-exhibition-tickets-1981469513655,false,false
Shabd: Open Mic Night,Get ready to share your words or just vibe with some killer open mic performances at Shabd!,2026-06-21 19:00:00,2026-06-21 21:00:00,Dukkana,Coburg,Music,free-cheap,Free,https://cdn.evbuc.com/images/1185096498/1242850596833/1/original.20260521-013112,https://www.eventbrite.com.au/e/shabd-open-mic-night-tickets-1990057657023,false,false
Friends of Mine: Sip & Paint,"$75 ticket includes: guided sip & paint class, all art materials, charcuterie boards + you get to keep your artwork.",2026-05-30 15:00:00,2026-05-30 20:00:00,Drip Splash Melbourne,Carlton,Performing & Visual Arts,low-key,75.00 AUD,https://cdn.evbuc.com/images/1183198109/2516319748671/1/original.20260428-073142,https://www.eventbrite.com/e/friends-of-mine-sip-paint-tickets-1988382091361,false,false
"HEAVY MEDICINE live at Cherry Bar, SAT MAY 30th","HEAVY MEDICINE is a psychedelic voodoo blues rock affair. New record ""Love is. Music Is. We Are.."" launches at Cherry Bar May 30th 2026",2026-05-30 20:00:00,2026-05-30 23:00:00,"Cherry Bar, Little Collins Street, Melbourne VIC, Australia",Melbourne,Music,high-energy,15.43 AUD,https://cdn.evbuc.com/images/1182630358/193580392243/1/original.20260421-012826,https://www.eventbrite.com.au/e/heavy-medicine-live-at-cherry-bar-sat-may-30th-tickets-1987873255419,false,false
